Date,            Station,Showalter, Lifed, LIFT, SWEAT,    K,     TT,CAPE, CINS,Equilibrum,LFCT, CAPV,Temp K, PW 
00:00 01 Jan 2015,  72293,  4.41,  4.57,  4.56,  111.98,  14.10, 52.40,  0.00,  0.00,  0.00,  268.17,  9.11 
12:00 01 Jan 2015,  72293,  17.05,  16.37,  16.37,  71.99,  -18.30,  23.20,  0.00,  0.00,  0.00,  267.27,  6.56  
00:00 02 Jan 2015,  72293,  10.44,  6.64,  6.61,  60.00,  -0.10,  36.20,  0.00,  0.00,  0.00,  271.19,  8.23  
12:00 02 Jan 2015,  72293,  14.62,  15.52,  15.50,  68.01,  -13.10,  25.20,  0.00,  0.00,  0.00,  269.05,  6.89  
00:00 03 Jan 2015,  72293,  16.11,  11.36,  11.29,  63.00,  -17.50,  16.00,  0.00,  0.00,  0.00,  274.82,  8.05  
12:00 03 Jan 2015,  72293,  14.35,  11.73,  11.68,  41.98,  -8.10,  23.60,  0.00,  0.00,  0.00,  277.98,  11.55  
00:00 04 Jan 2015,  72293,  14.73,  11.37,  11.29,  29.00,  -14.70,  24.80,  0.00,  0.00,  0.00,  276.12,  9.44  
12:00 04 Jan 2015,  72293,  11.36,  12.07,  12.04,  26.98,  -5.10,  29.60,  0.00,  0.00,  0.00,  276.48,  10.66  
00:00 05 Jan 2015,  72293,  11.33,  11.42,  11.38,  25.00,  -5.50,  28.80,  0.00,  0.00,  0.00,  272.51,  10.93  
12:00 05 Jan 2015,  72293,  13.75,  16.97,  16.87,  27.97,  -11.50,  21.80,  0.00,  0.00,  0.00,  266.99,  9.59  
00:00 06 Jan 2015,  72293,  14.54,  12.53,  12.34,  42.02,  -6.10,  21.60,  0.00,  0.00,  0.00,  269.31,  10.24  
12:00 06 Jan 2015,  72293,  12.52,  16.79,  16.68,  60.00,  -8.10,  24.00,  0.00,  0.00,  0.00,  258.57,  6.88  
00:00 07 Jan 2015,  72293,  10.87,  10.59,  10.40,  47.01,  -20.90,  28.60,  0.00,  0.00,  0.00,  267.29,  6.64  
12:00 07 Jan 2015,  72293,  12.76,  14.76,  14.62,  39.01,  -33.30,  18.80,  0.00,  0.00,  0.00,  264.23,  4.25  
00:00 08 Jan 2015,  72293,  11.55,  13.77,  13.96,  21.99,  -13.90,  27.60,  0.00,  0.00,  0.00,  264.30,  9.44  
12:00 08 Jan 2015,  72293,  8.84,  14.51,  14.73,  20.01,  -2.10,  35.40,  0.00,  0.00,  0.00,  265.19,  15.91  
00:00 09 Jan 2015,  72293,  9.16,  8.53,  8.62,  23.99,  7.10,  35.40,  0.00,  0.00,  0.00,  278.17,  20.00  
12:00 09 Jan 2015,  72293,  10.50,  12.54,  12.80,  10.00,  10.40,  29.60,  0.00,  0.00,  0.00,  268.20,  18.25  
00:00 10 Jan 2015,  72293,  10.11,  9.29,  9.13,  19.00,  10.50,  33.00,  0.00,  0.00,  0.00,  274.50,  16.91  
12:00 10 Jan 2015,  72293,  8.00,  8.17,  8.07,  39.01,  2.50,  38.60,  0.00,  0.00,  0.00,  275.70,  14.33  
00:00 11 Jan 2015,  72293,  3.65,  4.81,  4.69,  123.81,  27.20,  44.70,  0.00,  0.00,  0.00,  281.25,  27.01  
12:00 11 Jan 2015,  72293,  1.22,  3.27,  3.10,  149.20,  32.30,  48.90,  0.00,  0.00,  0.00,  283.88,  27.53  
00:00 12 Jan 2015,  72293,  0.20,  -0.27,  -0.44,  165.61,  32.40,  52.20,  45.65,  -0.07,  358.90,  935.74,  48.35,  285.67,  26.81  
12:00 12 Jan 2015,  72293,  2.95,  2.28,  2.05,  109.40,  25.80,  46.90,  31.49,  0.00,  733.58,  965.81,  2.71,  286.09,  24.82  
00:00 13 Jan 2015,  72293,  6.17,  3.27,  3.12,  78.99,  10.50,  42.00,  1.14,  -30.75,  815.83,  838.10,  0.15,  283.81,  19.93  
12:00 13 Jan 2015,  72293,  9.70,  6.76,  6.61,  53.81,  6.90,  36.00,  16.35,  -0.57,  857.12,  930.80,  0.38,  284.08,  19.91  
00:00 14 Jan 2015,  72293,  7.67,  4.33,  4.09,  63.99,  -16.90,  39.60,  6.81,  -77.41,  753.65,  793.55,  0.42,  281.60,  13.39  
12:00 14 Jan 2015,  72293,  10.47,  14.79,  14.70,  76.01,  -3.70,  34.80,  0.00,  0.00,  0.00,  266.44,  9.26  
00:00 15 Jan 2015,  72293,  11.37,  11.47,  11.36,  36.01,  -3.90,  32.00,  0.00,  0.00,  0.00,  270.25,  9.67  
12:00 15 Jan 2015,  72293,  12.92,  14.27,  14.18,  18.98,  -15.30,  29.20,  0.00,  0.00,  0.00,  269.34,  8.59  
00:00 16 Jan 2015,  72293,  10.17,  12.28,  12.16,  27.99,  -10.70,  34.00,  0.00,  0.00,  0.00,  268.15,  8.13  
12:00 16 Jan 2015,  72293,  12.22,  13.03,  12.93,  20.98,  -33.30,  22.80,  0.00,  0.00,  0.00,  268.51,  5.39  
00:00 17 Jan 2015,  72293,  14.60,  13.60,  13.57,  38.99,  -25.50,  19.20,  0.00,  0.00,  0.00,  267.52,  6.28  
12:00 17 Jan 2015,  72293,  13.41,  13.78,  13.75,  21.99,  -4.10,  22.80,  0.00,  0.00,  0.00,  269.45,  12.36  
00:00 18 Jan 2015,  72293,  10.33,  9.12,  9.03,  29.99,  3.70,  32.00,  0.00,  0.00,  0.00,  276.20,  13.46  
12:00 18 Jan 2015,  72293,  13.49,  11.16,  11.10,  15.00,  -19.30,  14.80,  0.00,  0.00,  0.00,  273.25,  10.34  
00:00 19 Jan 2015,  72293,  11.78,  10.91,  10.95,  24.98,  -13.70,  18.80,  0.00,  0.00,  0.00,  269.62,  9.37  
12:00 19 Jan 2015,  72293,  7.70,  10.50,  10.41,  32.98,  5.10,  36.00,  0.00,  0.00,  0.00,  272.71,  11.64  
00:00 20 Jan 2015,  72293,  8.27,  5.19,  5.16,  66.01,  -3.30,  33.80,  0.00,  0.00,  0.00,  282.11,  14.40  
12:00 20 Jan 2015,  72293,  9.11,  7.38,  7.32,  41.01,  -10.10,  30.20,  0.00,  0.00,  0.00,  281.24,  12.48  
00:00 21 Jan 2015,  72293,  4.12,  4.10,  3.98,  67.02,  13.10,  45.00,  0.00,  0.00,  0.00,  281.83,  14.80  
12:00 21 Jan 2015,  72293,  1.61,  2.50,  2.36,  73.01,  13.30,  50.40,  0.67,  0.00,  924.17,  940.89,  0.02,  282.18,  14.69  
00:00 22 Jan 2015,  72293,  4.99,  2.84,  2.63,  61.99,  2.30,  44.00,  0.00,  0.00,  0.00,  278.23,  11.70  
12:00 22 Jan 2015,  72293,  14.21,  15.11,  15.02,  60.00,  -42.90,  16.80,  0.00,  0.00,  0.00,  257.17,  3.31  
00:00 23 Jan 2015,  72293,  13.14,  12.22,  12.20,  54.02,  -27.10,  21.60,  0.00,  0.00,  0.00,  260.68,  5.52  
12:00 23 Jan 2015,  72293,  10.15,  14.01,  14.16,  39.01,  -21.50,  27.00,  0.00,  0.00,  0.00,  251.42,  7.18  
00:00 24 Jan 2015,  72293,  11.94,  12.16,  12.13,  83.00,  -16.90,  24.00,  0.00,  0.00,  0.00,  260.04,  7.20  
12:00 24 Jan 2015,  72293,  8.37,  10.64,  10.57,  88.00,  -10.50,  34.20,  0.00,  0.00,  0.00,  256.47,  5.32  
00:00 25 Jan 2015,  72293,  9.72,  10.19,  10.10,  59.98,  -6.50,  32.00,  0.00,  0.00,  0.00,  257.63,  7.29  
12:00 25 Jan 2015,  72293,  10.21,  12.01,  12.03,  105.01,  -10.50,  30.60,  0.00,  0.00,  0.00,  259.97,  6.96  
00:00 26 Jan 2015,  72293,  10.30,  11.08,  11.14,  94.99,  -12.50,  31.60,  0.00,  0.00,  0.00,  263.27,  10.76  
12:00 26 Jan 2015,  72293,  9.56,  11.94,  12.19,  69.99,  10.70,  33.80,  0.00,  0.00,  0.00,  263.87,  17.23  
00:00 27 Jan 2015,  72293,  1.17,  7.25,  7.16,  177.19,  32.10,  50.50,  0.00,  0.00,  0.00,  274.05,  24.37  
12:00 27 Jan 2015,  72293,  3.77,  2.79,  2.66,  77.39,  15.70,  47.00,  0.00,  0.00,  0.00,  281.06,  19.91  
00:00 28 Jan 2015,  72293,  8.02,  5.94,  5.71,  86.60,  7.50,  38.40,  0.00,  0.00,  0.00,  279.99,  15.63  
12:00 28 Jan 2015,  72293,  11.51,  5.89,  5.81,  45.01,  -22.70,  28.40,  0.00,  0.00,  0.00,  280.37,  14.78  
00:00 29 Jan 2015,  72293,  7.24,  6.76,  6.87,  46.00,  1.70,  39.60,  0.00,  0.00,  0.00,  275.25,  17.21  
12:00 29 Jan 2015,  72293,  9.43,  6.92,  7.07,  30.98,  -0.90,  34.20,  0.00,  0.00,  0.00,  276.43,  17.41  
00:00 30 Jan 2015,  72293,  7.03,  5.47,  5.57,  50.21,  24.70,  40.40,  9.26,  -124.93,  716.15,  759.42,  1.39,  279.16,  25.29  
12:00 30 Jan 2015,  72293,  4.65,  3.82,  3.75,  48.01,  27.70,  45.40,  3.71,  -104.63,  717.13,  764.59,  0.18,  279.96,  22.56  
00:00 31 Jan 2015,  72293,  3.56,  1.67,  1.69,  52.20,  27.30,  47.90,  24.33,  -10.51,  642.74,  844.31,  56.24,  280.83,  24.50  
12:00 31 Jan 2015,  72293,  2.50,  0.74,  0.69,  81.40,  29.50,  49.50,  108.17,  -4.59,  546.83,  888.03,  5.75,  284.76,  24.44
  
00:00 01 Feb 2015,  72293,  2.81,  0.95,  0.81,  105.99,  25.00,  48.50,  111.36,  -46.16,  567.08,  818.58,  2.06,  282.76,  22.04  
00:00 02 Feb 2015,  72293,  8.84,  9.20,  9.06,  42.99,  -3.90,  36.40,  0.00,  0.00,  0.00,  273.31,  10.92  
12:00 02 Feb 2015,  72293,  10.68,  7.84,  7.83,  26.01,  -13.30,  23.60,  0.00,  0.00,  0.00,  274.53,  11.18  
00:00 03 Feb 2015,  72293,  9.67,  9.76,  9.66,  30.98,  -7.10,  28.40,  0.00,  0.00,  0.00,  267.82,  8.96  
12:00 03 Feb 2015,  72293,  9.08,  8.73,  8.69,  49.01,  -12.70,  26.60,  0.00,  0.00,  0.00,  276.64,  9.96  
00:00 04 Feb 2015,  72293,  8.89,  7.71,  7.55,  41.01,  -9.90,  31.20,  0.00,  0.00,  0.00,  273.40,  10.27  
12:00 04 Feb 2015,  72293,  7.44,  11.12,  11.06,  47.01,  -3.70,  36.20,  0.00,  0.00,  0.00,  278.06,  10.80  
00:00 05 Feb 2015,  72293,  9.63,  9.07,  9.01,  29.99,  -18.90,  27.00,  0.00,  0.00,  0.00,  271.54,  7.35  
12:00 05 Feb 2015,  72293,  9.16,  8.99,  8.84,  19.00,  -15.70,  32.40,  0.00,  0.00,  0.00,  280.86,  10.66  
00:00 06 Feb 2015,  72293,  8.07,  7.81,  7.64,  30.98,  -13.10,  35.20,  0.00,  0.00,  0.00,  273.86,  9.10  
12:00 06 Feb 2015,  72293,  13.59,  11.82,  11.69,  51.01,  -27.90,  23.00,  0.00,  0.00,  0.00,  279.05,  9.49  
00:00 07 Feb 2015,  72293,  13.65,  11.38,  11.25,  60.00,  -14.50,  22.40,  0.00,  0.00,  0.00,  273.29,  8.30  
12:00 08 Feb 2015,  72293,  4.44,  7.73,  7.43,  170.81,  24.20,  40.70,  0.00,  0.00,  0.00,  285.41,  22.53  
00:00 09 Feb 2015,  72293,  6.19,  3.48,  3.13,  48.61,  16.30,  40.00,  0.00,  0.00,  0.00,  286.09,  20.28  
12:00 09 Feb 2015,  72293,  1.77,  2.55,  2.25,  143.60,  15.50,  47.40,  0.00,  0.00,  0.00,  286.54,  20.85  
00:00 10 Feb 2015,  72293,  10.89,  3.69,  3.46,  48.99,  -35.30,  18.80,  0.00,  0.00,  0.00,  281.53,  9.51  
12:00 10 Feb 2015,  72293,  11.33,  8.11,  8.00,  49.01,  -31.05,  13.05,  0.00,  0.00,  0.00,  279.37,  8.90  
00:00 11 Feb 2015,  72293,  10.46,  5.54,  5.38,  35.98,  -14.70,  23.20,  0.00,  0.00,  0.00,  278.23,  7.69  
12:00 11 Feb 2015,  72293,  12.31,  10.38,  10.19,  33.99,  20.20,  0.00,  0.00,  0.00,  269.67,  6.69  
00:00 12 Feb 2015,  72293,  13.29,  10.25,  10.25,  60.00,  -26.10,  20.00,  0.00,  0.00,  0.00,  266.14,  8.45  
12:00 12 Feb 2015,  72293,  12.97,  14.01,  13.86,  18.98,  22.80,  0.00,  0.00,  0.00,  260.86,  4.21  
00:00 13 Feb 2015,  72293,  10.04,  9.67,  9.45,  21.99,  32.60,  0.00,  0.00,  0.00,  264.93,  6.66  
12:00 13 Feb 2015,  72293,  11.43,  12.69,  12.70,  54.99,  -30.37,  28.20,  0.00,  0.00,  0.00,  263.37,  8.16  
00:00 14 Feb 2015,  72293,  10.82,  9.96,  9.83,  71.99,  8.10,  30.40,  0.00,  0.00,  0.00,  263.95,  10.41  
12:00 14 Feb 2015,  72293,  9.66,  10.68,  10.54,  52.00,  4.50,  33.00,  0.00,  0.00,  0.00,  267.48,  10.51  
00:00 15 Feb 2015,  72293,  6.04,  7.80,  7.77,  25.00,  17.90,  40.60,  0.00,  0.00,  0.00,  268.07,  16.62  
12:00 15 Feb 2015,  72293,  6.81,  9.66,  9.60,  42.00,  10.10,  39.40,  0.00,  0.00,  0.00,  269.97,  15.30  
00:00 16 Feb 2015,  72293,  9.44,  10.76,  10.62,  39.01,  6.50,  32.20,  0.00,  0.00,  0.00,  267.27,  10.45  
12:00 16 Feb 2015,  72293,  7.38,  9.83,  9.67,  26.01,  1.90,  37.40,  0.00,  0.00,  0.00,  279.10,  11.96  
00:00 17 Feb 2015,  72293,  9.35,  5.88,  5.68,  44.00,  -20.30,  33.00,  0.00,  0.00,  0.00,  283.84,  12.48  
12:00 17 Feb 2015,  72293,  9.26,  8.64,  8.50,  44.02,  -7.10,  34.20,  1.10,  0.00,  927.23,  954.25,  0.06,  284.06,  15.60  
00:00 18 Feb 2015,  72293,  11.12,  7.72,  7.53,  17.00,  -6.50,  29.20,  0.00,  0.00,  0.00,  283.16,  13.24  
12:00 18 Feb 2015,  72293,  11.24,  8.48,  8.31,  16.01,  -15.10,  28.60,  0.00,  0.00,  0.00,  284.89,  13.69  
00:00 20 Feb 2015,  72293,  10.65,  5.59,  5.37,  33.99,  -11.50,  30.80,  0.00,  0.00,  0.00,  282.18,  11.34  
12:00 20 Feb 2015,  72293,  10.52,  6.58,  6.46,  41.98,  -27.90,  29.60,  0.85,  0.00,  922.62,  946.85,  0.04,  284.71,  14.13  
00:00 21 Feb 2015,  72293,  11.68,  5.25,  5.19,  25.00,  -31.30,  22.80,  0.00,  0.00,  0.00,  283.09,  11.60  
12:00 21 Feb 2015,  72293,  13.74,  9.65,  9.49,  18.98,  -33.10,  19.00,  2.21,  -0.01,  879.47,  905.00,  0.13,  280.66,  11.43  
00:00 22 Feb 2015,  72293,  12.75,  7.32,  7.17,  26.01,  -20.30,  22.80,  0.00,  0.00,  0.00,  280.95,  11.53  
12:00 22 Feb 2015,  72293,  9.18,  8.44,  8.42,  90.19,  -2.50,  37.40,  10.35,  -5.40,  803.96,  886.67,  0.27,  280.36,  16.63  
00:00 23 Feb 2015,  72293,  6.66,  5.31,  5.21,  127.99,  11.40,  41.70,  56.01,  -0.65,  725.91,  911.95,  1.07,  281.97,  19.95  
12:00 23 Feb 2015,  72293,  8.77,  5.54,  5.38,  236.69,  -23.00,  39.50,  96.14,  -3.21,  728.08,  901.68,  0.85,  281.95,  13.60  
00:00 24 Feb 2015,  72293,  15.73,  11.30,  11.15,  106.99,  -18.50,  26.00,  40.52,  -5.10,  738.14,  839.47,  0.47,  276.99,  11.19  
12:00 24 Feb 2015,  72293,  11.72,  8.35,  8.22,  126.01,  -5.30,  35.00,  10.93,  -22.95,  610.98,  854.83,  0.21,  277.97,  11.41  
00:00 25 Feb 2015,  72293,  13.79,  14.64,  14.54,  68.42,  -23.10,  27.80,  0.00,  0.00,  0.00,  269.15,  8.38  
12:00 25 Feb 2015,  72293,  15.01,  13.48,  13.37,  56.99,  -11.90,  23.20,  0.00,  0.00,  0.00,  274.90,  10.12  
00:00 26 Feb 2015,  72293,  13.78,  9.92,  9.80,  40.99,  -27.50,  15.80,  0.00,  0.00,  0.00,  273.19,  8.05  
12:00 26 Feb 2015,  72293,  10.06,  13.33,  13.33,  48.00,  -3.90,  33.00,  0.00,  0.00,  0.00,  272.78,  10.67  
00:00 27 Feb 2015,  72293,  11.97,  6.01,  5.85,  73.00,  -3.10,  29.40,  0.00,  0.00,  0.00,  282.28,  14.41  
12:00 27 Feb 2015,  72293,  8.16,  7.76,  7.70,  86.79,  8.10,  38.40,  2.31,  -0.91,  886.97,  918.67,  0.02,  282.79,  16.58  
00:00 28 Feb 2015,  72293,  5.37,  4.80,  4.71,  166.19,  16.70,  42.20,  20.57,  0.00,  800.54,  934.62,  0.21,  284.17,  23.31  
12:00 28 Feb 2015,  72293,  10.15,  9.28,  9.27,  147.79,  15.60,  35.30,  27.42,  -3.75,  789.63,  899.62,  0.34,  281.36,  19.43
  
00:00 01 Mar 2015,  72293,  11.08,  6.77,  6.82,  86.01,  -20.70,  35.20,  38.09,  -0.78,  747.52,  867.97,  0.73,  278.92,  13.78  
12:00 01 Mar 2015,  72293,  7.66,  4.51,  4.57,  102.02,  19.80,  41.70,  111.66,  -3.74,  616.14,  887.93,  0.94,  282.04,  21.66  
00:00 02 Mar 2015,  72293,  7.61,  7.23,  7.21,  99.01,  21.90,  41.80,  0.00,  0.00,  0.00,  277.27,  20.02  
12:00 02 Mar 2015,  72293,  3.46,  3.40,  3.28,  155.01,  20.30,  50.40,  23.70,  -8.01,  629.68,  846.31,  0.22,  280.03,  16.45  
00:00 03 Mar 2015,  72293,  8.41,  6.33,  6.21,  172.69,  15.10,  41.60,  21.85,  -9.22,  656.26,  875.33,  0.58,  278.88,  14.68  
12:00 03 Mar 2015,  72293,  2.08,  1.87,  1.85,  125.78,  21.10,  53.80,  0.00,  0.00,  0.00,  276.83,  15.30  
00:00 04 Mar 2015,  72293,  2.75,  1.08,  0.96,  63.00,  18.50,  51.40,  0.64,  -58.87,  605.94,  697.07,  0.06,  277.45,  14.20  
12:00 04 Mar 2015,  72293,  4.24,  3.83,  3.72,  44.99,  13.50,  48.00,  0.00,  0.00,  0.00,  277.19,  12.35  
00:00 05 Mar 2015,  72293,  6.34,  5.67,  5.53,  27.00,  -14.30,  43.60,  0.00,  0.00,  0.00,  272.59,  9.13  
12:00 05 Mar 2015,  72293,  9.57,  9.26,  9.17,  12.98,  -18.70,  33.20,  0.00,  0.00,  0.00,  266.95,  5.32  
00:00 06 Mar 2015,  72293,  6.92,  6.06,  5.93,  62.00,  -16.70,  40.00,  0.00,  0.00,  0.00,  267.47,  6.13  
12:00 06 Mar 2015,  72293,  8.65,  9.62,  9.53,  33.97,  -29.30,  27.40,  0.00,  0.00,  0.00,  263.20,  3.51  
00:00 07 Mar 2015,  72293,  6.74,  5.67,  5.52,  63.00,  -22.10,  36.60,  0.00,  0.00,  0.00,  258.71,  4.56  
12:00 07 Mar 2015,  72293,  6.53,  9.19,  9.08,  45.01,  -1.10,  38.40,  0.00,  0.00,  0.00,  258.93,  6.66  
00:00 08 Mar 2015,  72293,  4.32,  5.56,  5.47,  40.99,  0.30,  44.20,  0.00,  0.00,  0.00,  261.79,  9.30  
12:00 08 Mar 2015,  72293,  8.13,  10.32,  10.25,  61.01,  -9.90,  35.20,  0.00,  0.00,  0.00,  264.74,  7.66  
00:00 09 Mar 2015,  72293,  11.31,  7.43,  7.23,  61.01,  -9.70,  25.40,  0.00,  0.00,  0.00,  274.77,  7.65  
12:00 09 Mar 2015,  72293,  11.36,  6.71,  6.53,  48.00,  -44.10,  20.40,  0.00,  0.00,  0.00,  282.09,  7.29  
00:00 10 Mar 2015,  72293,  6.35,  6.67,  6.48,  42.99,  1.90,  39.00,  0.00,  0.00,  0.00,  277.25,  10.61  
12:00 10 Mar 2015,  72293,  7.77,  7.26,  7.06,  33.00,  -18.30,  36.20,  0.00,  0.00,  0.00,  278.98,  11.16  
00:00 11 Mar 2015,  72293,  10.98,  7.96,  7.72,  18.98,  -29.70,  29.80,  0.00,  0.00,  0.00,  273.39,  9.70  
12:00 11 Mar 2015,  72293,  11.25,  12.41,  12.53,  27.99,  -28.90,  29.80,  0.00,  0.00,  0.00,  269.54,  11.85  
00:00 12 Mar 2015,  72293,  14.20,  11.81,  12.08,  51.01,  1.30,  23.40,  0.00,  0.00,  0.00,  276.64,  17.34  
12:00 12 Mar 2015,  72293,  8.72,  8.28,  8.08,  57.01,  15.90,  36.40,  0.00,  0.00,  0.00,  273.70,  15.21  
00:00 13 Mar 2015,  72293,  7.13,  7.65,  7.41,  62.00,  1.30,  38.40,  0.00,  0.00,  0.00,  273.77,  13.47  
12:00 13 Mar 2015,  72293,  6.83,  7.63,  7.42,  77.02,  8.10,  39.20,  0.00,  0.00,  0.00,  270.41,  12.70  
00:00 14 Mar 2015,  72293,  7.42,  6.68,  6.52,  70.01,  1.70,  37.40,  0.00,  0.00,  0.00,  270.99,  12.71  
12:00 14 Mar 2015,  72293,  10.19,  12.21,  12.19,  69.02,  5.10,  32.00,  0.00,  0.00,  0.00,  267.80,  13.59  
00:00 15 Mar 2015,  72293,  9.13,  8.60,  8.66,  59.98,  3.70,  33.80,  0.00,  0.00,  0.00,  268.00,  15.08  
12:00 15 Mar 2015,  72293,  11.64,  12.39,  12.39,  39.01,  1.30,  28.80,  0.00,  0.00,  0.00,  268.85,  14.01  
00:00 16 Mar 2015,  72293,  12.62,  11.68,  11.53,  30.01,  12.50,  26.80,  0.00,  0.00,  0.00,  270.10,  14.84  
12:00 16 Mar 2015,  72293,  11.96,  12.56,  12.52,  24.01,  -9.50,  28.20,  0.00,  0.00,  0.00,  266.63,  11.11  
00:00 17 Mar 2015,  72293,  12.15,  12.89,  12.74,  19.99,  8.50,  27.80,  0.00,  0.00,  0.00,  264.83,  11.75  
12:00 17 Mar 2015,  72293,  12.43,  14.00,  13.90,  12.00,  6.30,  27.20,  0.00,  0.00,  0.00,  267.20,  11.88  
00:00 18 Mar 2015,  72293,  9.05,  9.52,  9.34,  21.00,  15.50,  34.80,  0.00,  0.00,  0.00,  270.54,  13.79  
12:00 18 Mar 2015,  72293,  2.49,  -1.84,  -1.91,  34.41,  21.50,  48.60,  204.67,  0.00,  443.74,  957.93,  18.74,  287.15,  22.86  
00:00 19 Mar 2015,  72293,  2.95,  -0.79,  -0.86,  18.98,  23.30,  48.00,  177.80,  -201.17,  392.63,  709.95,  144.18,  283.42,  19.71  
12:00 19 Mar 2015,  72293,  4.53,  0.78,  0.68,  24.98,  22.30,  45.20,  41.35,  -0.01,  524.13,  940.01,  5.54,  285.04,  23.37  
00:00 20 Mar 2015,  72293,  -0.59,  -1.51,  -1.66,  155.99,  31.30,  53.80,  122.70,  -284.48,  321.66,  589.85,  3.72,  283.98,  22.46  
12:00 20 Mar 2015,  72293,  2.06,  -0.03,  -0.30,  65.00,  9.70,  49.00,  29.36,  0.00,  495.35,  963.89,  0.69,  286.35,  16.00  
00:00 21 Mar 2015,  72293,  4.36,  1.40,  1.11,  64.01,  16.70,  43.80,  0.00,  0.00,  0.00,  279.33,  13.43  
12:00 21 Mar 2015,  72293,  9.55,  3.06,  2.78,  35.00,  -19.50,  29.60,  0.00,  0.00,  0.00,  285.82,  11.18  
00:00 22 Mar 2015,  72293,  10.53,  1.40,  1.14,  48.99,  -28.50,  26.40,  0.00,  0.00,  0.00,  283.03,  9.98  
12:00 22 Mar 2015,  72293,  12.53,  7.43,  7.35,  48.99,  -14.50,  24.40,  0.04,  0.00,  940.16,  952.76,  0.00,  283.94,  13.43  
00:00 23 Mar 2015,  72293,  12.86,  6.91,  6.70,  51.98,  -15.30,  24.80,  0.00,  0.00,  0.00,  281.02,  12.12  
12:00 23 Mar 2015,  72293,  15.32,  6.66,  6.46,  70.01,  -28.70,  10.60,  1.72,  -3.67,  889.82,  919.30,  0.03,  283.58,  11.55  
00:00 24 Mar 2015,  72293,  10.80,  7.27,  7.15,  57.98,  -3.30,  31.80,  0.00,  0.00,  0.00,  277.57,  11.44  
12:00 24 Mar 2015,  72293,  8.60,  7.11,  6.93,  84.01,  -9.90,  36.20,  0.00,  0.00,  0.00,  283.33,  14.85  
00:00 25 Mar 2015,  72293,  10.95,  7.84,  7.60,  63.01,  2.30,  31.60,  0.00,  0.00,  0.00,  280.48,  15.39  
12:00 25 Mar 2015,  72293,  6.76,  6.73,  6.79,  38.99,  8.50,  39.80,  0.00,  0.00,  0.00,  281.48,  19.43  
00:00 26 Mar 2015,  72293,  4.32,  5.57,  5.38,  40.99,  16.10,  43.60,  0.00,  0.00,  0.00,  274.84,  14.58  
12:00 26 Mar 2015,  72293,  8.55,  8.15,  7.99,  40.99,  -10.50,  34.60,  0.00,  0.00,  0.00,  270.95,  9.16  
00:00 27 Mar 2015,  72293,  6.44,  7.35,  7.18,  31.99,  -6.30,  38.40,  0.00,  0.00,  0.00,  266.15,  9.60  
12:00 27 Mar 2015,  72293,  6.47,  8.43,  8.33,  10.00,  -6.10,  38.80,  0.00,  0.00,  0.00,  270.05,  10.82  
00:00 28 Mar 2015,  72293,  6.62,  5.08,  4.85,  12.98,  -8.90,  37.80,  0.00,  0.00,  0.00,  272.49,  9.73  
12:00 28 Mar 2015,  72293,  6.52,  6.88,  6.66,  17.99,  -8.50,  39.00,  0.00,  0.00,  0.00,  278.01,  9.93  
00:00 29 Mar 2015,  72293,  7.11,  6.83,  6.61,  18.01,  -11.50,  36.20,  0.00,  0.00,  0.00,  272.14,  9.14  
12:00 29 Mar 2015,  72293,  9.06,  4.98,  4.75,  17.00,  -20.50,  32.20,  0.00,  0.00,  0.00,  282.31,  10.96  
00:00 30 Mar 2015,  72293,  9.04,  0.12,  -0.25,  23.00,  -19.50,  28.80,  110.40,  -576.06,  337.24,  523.61,  15.97,  282.40,  9.71  
12:00 30 Mar 2015,  72293,  8.17,  5.88,  5.70,  10.98,  -16.50,  33.60,  0.00,  0.00,  0.00,  280.18,  9.91  
00:00 31 Mar 2015,  72293,  10.24,  2.81,  2.50,  32.01,  -23.50,  22.40,  0.00,  0.00,  0.00,  281.36,  8.62  
12:00 31 Mar 2015,  72293,  11.43,  7.56,  7.38,  27.00,  -8.30,  26.00,  0.00,  0.00,  0.00,  281.44,  11.02
  
00:00 01 Apr 2015,  72293,  12.35,  3.56,  3.23,  40.99,  -15.30,  24.00,  0.00,  0.00,  0.00,  285.58,  12.08  
12:00 01 Apr 2015,  72293,  7.28,  7.48,  7.28,  56.00,  -17.70,  39.00,  2.27,  0.00,  917.12,  941.27,  0.05,  283.38,  10.85  
00:00 02 Apr 2015,  72293,  11.68,  2.63,  2.32,  57.98,  -31.90,  19.40,  0.00,  0.00,  0.00,  283.83,  10.11  
12:00 02 Apr 2015,  72293,  14.86,  6.69,  6.64,  95.01,  -47.50,  4.80,  4.93,  -0.58,  891.62,  928.77,  0.05,  284.08,  12.62  
00:00 03 Apr 2015,  72293,  15.56,  6.01,  5.75,  65.00,  -50.30,  10.60,  0.00,  0.00,  0.00,  282.31,  11.35  
12:00 03 Apr 2015,  72293,  10.82,  5.85,  5.67,  58.99,  -27.70,  29.40,  0.00,  0.00,  0.00,  281.76,  10.59  
00:00 04 Apr 2015,  72293,  8.59,  9.86,  9.83,  38.00,  -20.70,  34.60,  0.00,  0.00,  0.00,  259.80,  7.64  
12:00 04 Apr 2015,  72293,  9.08,  11.78,  11.67,  45.01,  -17.50,  34.00,  0.00,  0.00,  0.00,  260.49,  7.23  
00:00 05 Apr 2015,  72293,  6.18,  0.37,  0.24,  48.99,  -17.90,  40.40,  0.00,  -372.39,  485.27,  490.66,  0.00,  279.89,  10.55  
12:00 05 Apr 2015,  72293,  12.44,  4.19,  3.95,  55.98,  -25.70,  27.00,  4.96,  0.00,  906.96,  947.23,  0.14,  285.17,  11.37  
00:00 06 Apr 2015,  72293,  14.64,  4.32,  4.12,  60.00,  -46.90,  7.60,  0.00,  0.00,  0.00,  281.88,  7.71  
12:00 06 Apr 2015,  72293,  9.84,  6.67,  6.52,  100.01,  -20.90,  37.00,  23.15,  -1.73,  822.36,  918.59,  0.24,  281.94,  13.38  
00:00 07 Apr 2015,  72293,  15.93,  9.03,  8.91,  90.99,  -35.50,  13.00,  0.00,  0.00,  0.00,  275.61,  9.39  
12:00 07 Apr 2015,  72293,  14.05,  13.54,  13.49,  88.58,  -4.00,  30.10,  0.39,  -14.01,  802.11,  823.98,  0.00,  276.20,  13.43  
00:00 08 Apr 2015,  72293,  11.87,  11.18,  11.09,  90.02,  5.10,  33.40,  0.00,  0.00,  0.00,  273.18,  12.39  
12:00 08 Apr 2015,  72293,  10.41,  8.33,  8.23,  106.01,  -14.40,  36.10,  83.18,  -0.22,  774.92,  932.16,  0.94,  281.50,  14.65  
00:00 09 Apr 2015,  72293,  16.68,  12.94,  12.86,  53.98,  -38.70,  13.40,  0.00,  0.00,  0.00,  270.68,  6.99  
12:00 09 Apr 2015,  72293,  12.35,  9.81,  9.69,  47.01,  -15.50,  29.20,  0.00,  0.00,  0.00,  279.27,  11.66  
00:00 10 Apr 2015,  72293,  8.26,  5.58,  5.42,  224.30,  -6.70,  38.60,  0.00,  0.00,  0.00,  277.77,  11.43  
12:00 10 Apr 2015,  72293,  15.03,  5.95,  5.91,  33.97,  -35.30,  2.80,  11.00,  0.00,  894.09,  948.65,  0.41,  283.47,  12.23  
00:00 11 Apr 2015,  72293,  12.33,  4.37,  4.29,  41.98,  -40.90,  8.80,  0.00,  0.00,  0.00,  279.46,  11.79  
12:00 11 Apr 2015,  72293,  11.24,  5.18,  5.20,  26.98,  -24.30,  10.80,  0.00,  0.00,  0.00,  279.42,  11.81  
00:00 12 Apr 2015,  72293,  9.91,  2.90,  2.84,  22.98,  -3.50,  27.80,  0.00,  0.00,  0.00,  279.79,  14.58  
12:00 12 Apr 2015,  72293,  9.30,  7.22,  7.10,  49.01,  2.50,  33.60,  0.00,  0.00,  0.00,  281.35,  16.28  
00:00 13 Apr 2015,  72293,  6.29,  5.07,  4.82,  19.00,  7.30,  39.80,  0.00,  0.00,  0.00,  281.14,  15.25  
12:00 13 Apr 2015,  72293,  7.19,  4.81,  4.60,  16.98,  -3.70,  37.60,  0.00,  0.00,  0.00,  285.33,  16.11  
00:00 14 Apr 2015,  72293,  4.06,  2.38,  2.09,  24.01,  10.70,  44.40,  0.00,  0.00,  0.00,  284.01,  14.29  
12:00 14 Apr 2015,  72293,  8.65,  5.53,  5.32,  48.02,  -5.50,  34.80,  2.01,  0.00,  918.89,  945.97,  0.08,  284.43,  14.24  
00:00 15 Apr 2015,  72293,  9.12,  3.36,  3.12,  49.01,  -22.70,  32.40,  0.00,  0.00,  0.00,  281.87,  8.66  
12:00 15 Apr 2015,  72293,  11.02,  7.72,  7.56,  53.01,  -14.90,  29.80,  0.00,  0.00,  0.00,  281.00,  11.49  
00:00 16 Apr 2015,  72293,  9.58,  4.95,  4.71,  39.98,  -0.30,  33.60,  0.00,  0.00,  0.00,  278.70,  12.08  
12:00 16 Apr 2015,  72293,  14.22,  13.55,  13.49,  88.00,  -11.10,  21.40,  0.00,  0.00,  0.00,  265.53,  7.73  
00:00 17 Apr 2015,  72293,  12.52,  10.35,  10.22,  51.98,  -21.70,  24.40,  0.00,  0.00,  0.00,  264.64,  5.08  
12:00 17 Apr 2015,  72293,  11.45,  14.08,  14.00,  45.01,  -3.10,  27.60,  0.00,  0.00,  0.00,  261.68,  6.97  
00:00 18 Apr 2015,  72293,  9.23,  8.22,  8.06,  40.99,  2.90,  32.60,  0.00,  0.00,  0.00,  270.98,  8.45  
12:00 18 Apr 2015,  72293,  9.36,  11.10,  11.02,  46.00,  -13.30,  31.40,  0.00,  0.00,  0.00,  267.98,  6.63  
00:00 19 Apr 2015,  72293,  7.24,  7.49,  7.36,  31.00,  1.50,  36.60,  0.00,  0.00,  0.00,  267.41,  7.40  
12:00 19 Apr 2015,  72293,  7.93,  5.19,  5.01,  20.01,  2.50,  35.60,  0.00,  0.00,  0.00,  280.73,  11.83  
00:00 20 Apr 2015,  72293,  6.14,  1.67,  1.43,  15.99,  6.90,  37.60,  0.00,  -822.79,  434.79,  436.41,  0.00,  281.63,  11.73  
12:00 20 Apr 2015,  72293,  0.00  
00:00 21 Apr 2015,  72293,  5.23,  2.28,  2.06,  16.98,  12.90,  42.80,  0.00,  0.00,  0.00,  282.08,  14.91  
12:00 21 Apr 2015,  72293,  4.33,  1.89,  1.76,  18.98,  18.10,  46.80,  10.11,  0.00,  853.54,  916.00,  1.17,  281.27,  16.94  
00:00 22 Apr 2015,  72293,  4.27,  3.33,  3.18,  67.40,  -0.40,  46.90,  10.48,  0.00,  811.00,  860.67,  0.82,  278.47,  14.15  
12:00 22 Apr 2015,  72293,  6.91,  4.62,  4.47,  63.61,  2.40,  42.50,  33.57,  -9.17,  796.25,  881.69,  2.60,  281.29,  14.77  
00:00 23 Apr 2015,  72293,  4.27,  3.59,  3.45,  54.58,  20.00,  46.30,  0.00,  0.00,  0.00,  279.13,  19.16  
12:00 23 Apr 2015,  72293,  2.69,  1.96,  1.86,  71.38,  23.40,  49.70,  0.28,  -22.23,  797.39,  814.80,  0.17,  281.31,  20.70  
00:00 24 Apr 2015,  72293,  1.86,  0.32,  0.16,  104.18,  21.80,  50.30,  59.19,  0.00,  542.70,  891.79,  6.32,  281.85,  21.90  
12:00 24 Apr 2015,  72293,  3.88,  3.11,  3.03,  96.18,  21.70,  46.20,  30.37,  0.00,  799.98,  942.73,  3.11,  284.50,  23.89  
00:00 25 Apr 2015,  72293,  6.04,  5.23,  5.12,  107.81,  15.50,  42.00,  15.82,  0.00,  842.97,  919.19,  0.64,  282.58,  22.38  
12:00 25 Apr 2015,  72293,  7.59,  6.63,  6.43,  103.98,  13.70,  39.40,  21.28,  -0.47,  823.46,  927.65,  0.38,  282.89,  19.86  
00:00 26 Apr 2015,  72293,  6.34,  6.31,  6.16,  186.01,  24.30,  40.80,  7.70,  -0.04,  853.40,  919.20,  0.11,  282.73,  23.91  
12:00 26 Apr 2015,  72293,  11.14,  10.72,  10.69,  148.82,  -5.90,  32.60,  8.77,  -0.75,  857.33,  926.20,  0.05,  282.48,  18.39  
00:00 27 Apr 2015,  72293,  10.40,  9.91,  9.83,  108.41,  4.70,  33.00,  0.00,  0.00,  0.00,  280.72,  19.71  
12:00 27 Apr 2015,  72293,  12.29,  10.87,  10.81,  66.01,  -3.70,  28.80,  0.00,  0.00,  0.00,  278.59,  15.08  
00:00 28 Apr 2015,  72293,  13.20,  13.82,  13.69,  24.98,  -24.50,  26.20,  0.00,  0.00,  0.00,  267.46,  9.87  
12:00 28 Apr 2015,  72293,  12.91,  14.33,  14.28,  28.01,  -19.50,  25.60,  0.00,  0.00,  0.00,  268.57,  9.29  
00:00 29 Apr 2015,  72293,  9.79,  11.79,  11.58,  15.99,  11.70,  32.20,  0.00,  0.00,  0.00,  269.58,  12.47  
12:00 29 Apr 2015,  72293,  9.02,  12.01,  11.82,  8.97,  12.90,  33.40,  0.00,  0.00,  0.00,  270.17,  11.76  
00:00 30 Apr 2015,  72293,  7.58,  8.95,  8.70,  35.00,  15.10,  36.20,  0.00,  0.00,  0.00,  269.42,  13.41  
12:00 30 Apr 2015,  72293,  7.00,  10.46,  10.27,  29.99,  15.30,  37.40,  0.00,  0.00,  0.00,  268.65,  13.63
  
00:00 01 May 2015,  72293,  5.96,  7.76,  7.55,  33.00,  6.90,  39.60,  0.00,  0.00,  0.00,  268.07,  10.48  
12:00 01 May 2015,  72293,  6.35,  7.91,  7.73,  43.01,  15.30,  39.40,  0.00,  0.00,  0.00,  273.86,  14.39  
00:00 02 May 2015,  72293,  5.82,  4.53,  4.27,  48.02,  12.30,  40.00,  0.00,  0.00,  0.00,  272.88,  15.69  
12:00 02 May 2015,  72293,  6.24,  6.27,  6.06,  35.00,  19.70,  39.40,  0.00,  0.00,  0.00,  280.59,  19.18  
00:00 03 May 2015,  72293,  5.58,  4.65,  4.42,  40.02,  18.90,  40.80,  0.00,  0.00,  0.00,  281.62,  17.81  
12:00 03 May 2015,  72293,  6.60,  3.94,  3.73,  44.99,  17.30,  39.60,  1.52,  -0.13,  914.50,  933.37,  0.81,  285.05,  19.10  
00:00 04 May 2015,  72293,  4.47,  2.85,  2.60,  50.02,  22.30,  43.80,  0.00,  0.00,  0.00,  283.66,  20.37  
12:00 04 May 2015,  72293,  5.43,  2.28,  2.06,  41.01,  21.50,  43.60,  4.89,  -0.34,  865.08,  922.83,  59.61,  284.71,  23.21  
00:00 05 May 2015,  72293,  4.47,  2.44,  2.23,  33.99,  -2.90,  44.20,  3.45,  0.00,  903.69,  923.66,  5.59,  283.52,  16.33  
12:00 05 May 2015,  72293,  8.88,  7.50,  7.33,  32.98,  -10.70,  37.00,  5.44,  -0.76,  866.57,  922.99,  0.91,  282.03,  14.99  
00:00 06 May 2015,  72293,  7.45,  5.82,  5.65,  55.01,  -17.30,  39.40,  0.00,  0.00,  0.00,  280.51,  12.96  
12:00 06 May 2015,  72293,  6.68,  5.31,  5.15,  86.52,  -8.90,  42.20,  18.98,  -0.48,  829.15,  915.80,  2.22,  281.55,  13.94  
00:00 07 May 2015,  72293,  5.08,  3.05,  2.88,  84.98,  -6.50,  44.00,  22.61,  0.00,  834.68,  920.20,  15.11,  283.36,  16.92  
12:00 07 May 2015,  72293,  6.68,  4.89,  4.74,  85.00,  -23.90,  42.20,  54.96,  0.00,  784.27,  942.34,  2.38,  283.03,  15.30  
00:00 08 May 2015,  72293,  7.23,  5.29,  5.16,  100.79,  -22.00,  42.10,  56.67,  0.00,  783.92,  904.64,  3.62,  280.21,  13.77  
12:00 08 May 2015,  72293,  5.62,  2.64,  2.55,  88.99,  23.60,  47.00,  74.07,  -4.56,  566.32,  872.09,  1.79,  278.84,  16.79  
00:00 09 May 2015,  72293,  4.46,  3.44,  3.36,  136.00,  26.60,  47.40,  31.74,  -3.66,  671.21,  886.63,  0.42,  280.64,  20.59  
12:00 09 May 2015,  72293,  5.99,  4.84,  4.66,  100.61,  10.90,  43.40,  8.95,  -0.05,  832.17,  937.09,  0.19,  283.41,  19.23  
00:00 10 May 2015,  72293,  5.18,  3.78,  3.57,  70.18,  13.30,  44.20,  0.00,  0.00,  0.00,  281.86,  18.47  
00:00 11 May 2015,  72293,  7.61,  5.50,  5.22,  20.01,  19.50,  37.40,  0.00,  0.00,  0.00,  283.00,  16.34  
12:00 11 May 2015,  72293,  8.19,  5.20,  4.93,  28.98,  10.30,  36.00,  0.00,  0.00,  0.00,  285.36,  16.79  
00:00 12 May 2015,  72293,  6.71,  4.43,  4.16,  32.98,  17.70,  39.00,  0.00,  0.00,  0.00,  279.67,  14.49  
12:00 12 May 2015,  72293,  8.36,  5.90,  5.69,  46.99,  -22.70,  36.40,  0.02,  0.00,  928.94,  946.70,  0.00,  284.38,  13.30  
00:00 13 May 2015,  72293,  10.40,  5.78,  5.66,  47.98,  -11.10,  30.20,  0.00,  0.00,  0.00,  279.88,  9.20  
12:00 13 May 2015,  72293,  16.25,  9.95,  9.85,  56.00,  -24.50,  11.80,  4.95,  -0.02,  886.40,  932.10,  0.13,  281.67,  11.72  
00:00 14 May 2015,  72293,  11.46,  8.22,  8.14,  41.98,  0.30,  31.00,  0.00,  0.00,  0.00,  280.10,  13.74  
12:00 14 May 2015,  72293,  13.72,  5.36,  5.31,  64.01,  -9.90,  25.40,  16.75,  -0.91,  855.04,  922.49,  0.40,  281.90,  17.62  
00:00 15 May 2015,  72293,  3.44,  2.04,  2.03,  125.42,  27.60,  48.40,  103.64,  0.00,  600.38,  927.76,  2.58,  282.23,  24.29  
12:00 15 May 2015,  72293,  2.29,  0.94,  0.92,  158.58,  28.90,  50.20,  158.44,  -0.06,  655.43,  933.32,  3.71,  283.62,  23.51  
00:00 16 May 2015,  72293,  1.15,  0.10,  -0.04,  170.38,  27.40,  52.70,  11.58,  -4.18,  499.72,  843.11,  2.33,  281.03,  20.74  
12:00 16 May 2015,  72293,  4.83,  3.31,  3.11,  95.21,  4.30,  45.40,  10.20,  0.00,  787.33,  941.32,  0.18,  283.55,  16.66  
00:00 17 May 2015,  72293,  11.56,  7.69,  7.46,  44.60,  2.30,  32.00,  0.00,  0.00,  0.00,  282.59,  17.50  
12:00 17 May 2015,  72293,  10.09,  7.16,  7.04,  26.98,  -13.90,  35.00,  0.00,  0.00,  0.00,  283.88,  17.43  
00:00 18 May 2015,  72293,  8.40,  4.23,  4.23,  53.98,  -9.90,  37.80,  5.85,  0.00,  882.86,  918.40,  0.50,  283.05,  16.57  
12:00 18 May 2015,  72293,  8.70,  4.84,  4.72,  26.98,  13.50,  37.00,  0.92,  -6.34,  864.34,  880.88,  0.14,  279.39,  14.83  
00:00 19 May 2015,  72293,  5.01,  2.78,  2.59,  48.99,  16.90,  44.80,  10.63,  0.00,  868.15,  900.82,  1.81,  281.74,  17.45  
12:00 19 May 2015,  72293,  10.22,  5.66,  5.46,  60.00,  -2.70,  34.60,  13.73,  -0.11,  867.19,  937.75,  0.51,  284.01,  17.90  
00:00 20 May 2015,  72293,  7.00,  7.02,  6.95,  70.40,  2.10,  39.80,  0.00,  0.00,  0.00,  281.60,  15.23  
12:00 20 May 2015,  72293,  10.28,  6.16,  6.11,  45.01,  -17.10,  33.60,  0.40,  -0.60,  915.78,  926.66,  0.01,  283.89,  16.91  
00:00 21 May 2015,  72293,  11.24,  5.80,  5.60,  46.00,  -14.10,  31.20,  0.00,  0.00,  0.00,  281.63,  13.77  
12:00 21 May 2015,  72293,  8.26,  5.26,  5.25,  83.39,  11.10,  39.80,  24.74,  0.00,  843.09,  935.76,  1.33,  282.60,  18.78  
00:00 22 May 2015,  72293,  7.76,  4.15,  4.02,  74.20,  5.00,  40.10,  58.40,  0.00,  811.88,  897.84,  14.93,  281.87,  17.51  
12:00 22 May 2015,  72293,  3.95,  0.72,  0.58,  73.60,  16.20,  48.50,  102.30,  -0.29,  686.24,  927.29,  20.09,  282.28,  17.94  
00:00 23 May 2015,  72293,  3.78,  2.95,  2.77,  106.78,  24.00,  46.60,  42.92,  -0.33,  726.25,  922.48,  5.63,  282.96,  21.80  
12:00 23 May 2015,  72293,  4.28,  3.99,  3.87,  118.00,  17.50,  45.00,  11.76,  -0.02,  791.66,  942.14,  0.39,  284.52,  24.21  
00:00 24 May 2015,  72293,  10.65,  7.75,  7.53,  42.40,  8.10,  33.80,  0.00,  0.00,  0.00,  281.79,  20.51  
12:00 24 May 2015,  72293,  8.58,  7.50,  7.30,  129.80,  -1.10,  37.00,  26.57,  0.00,  838.55,  952.77,  0.55,  284.20,  16.17  
00:00 25 May 2015,  72293,  9.25,  10.19,  10.04,  26.01,  -0.50,  34.80,  0.00,  0.00,  0.00,  280.64,  19.53  
12:00 25 May 2015,  72293,  8.07,  8.94,  8.74,  48.21,  7.90,  36.60,  1.17,  0.00,  918.11,  946.35,  0.24,  284.70,  21.29  
00:00 26 May 2015,  72293,  10.16,  7.92,  7.75,  24.01,  1.70,  32.00,  0.00,  0.00,  0.00,  285.09,  19.83  
12:00 26 May 2015,  72293,  6.88,  8.19,  8.07,  70.79,  2.70,  38.60,  0.00,  0.00,  0.00,  285.58,  20.37  
00:00 27 May 2015,  72293,  9.20,  7.40,  7.24,  20.01,  -6.10,  34.40,  0.00,  0.00,  0.00,  284.42,  16.89  
12:00 27 May 2015,  72293,  8.85,  6.94,  6.95,  21.99,  -4.90,  34.80,  0.00,  0.00,  950.17,  965.13,  0.00,  285.31,  18.94  
00:00 28 May 2015,  72293,  9.87,  5.12,  4.98,  14.01,  -12.90,  29.00,  0.00,  0.00,  0.00,  284.49,  17.00  
12:00 28 May 2015,  72293,  7.48,  9.18,  8.94,  22.01,  -11.10,  36.80,  0.00,  0.00,  941.74,  961.92,  0.00,  285.51,  16.93  
00:00 29 May 2015,  72293,  10.11,  6.76,  6.45,  25.00,  -15.50,  30.00,  0.00,  0.00,  0.00,  285.50,  14.59  
12:00 29 May 2015,  72293,  9.75,  9.20,  9.07,  24.01,  -14.10,  31.00,  0.00,  0.00,  941.63,  953.78,  0.00,  286.04,  17.62  
00:00 30 May 2015,  72293,  9.64,  5.96,  5.83,  27.99,  -14.90,  30.40,  0.00,  0.00,  0.00,  285.41,  18.31  
12:00 30 May 2015,  72293,  6.17,  9.14,  9.10,  27.61,  9.10,  38.60,  0.00,  0.00,  0.00,  285.98,  20.60  
00:00 31 May 2015,  72293,  5.83,  5.03,  4.77,  20.20,  -2.30,  39.20,  0.00,  0.00,  0.00,  285.96,  18.91  
12:00 31 May 2015,  72293,  4.42,  10.04,  9.82,  83.40,  2.90,  41.40,  0.00,  0.00,  937.89,  967.22,  0.01,  286.65,  21.61
  
00:00 01 Jun 2015,  72293,  7.79,  7.64,  7.32,  34.79,  -1.70,  35.80,  0.00,  0.00,  0.00,  285.14,  15.59  
12:00 01 Jun 2015,  72293,  9.30,  9.71,  9.63,  40.02,  -21.30,  33.40,  1.34,  0.00,  924.53,  959.17,  0.07,  285.79,  15.29  
00:00 02 Jun 2015,  72293,  15.39,  10.29,  9.99,  42.00,  -11.90,  18.40,  0.00,  0.00,  0.00,  283.13,  11.78  
12:00 02 Jun 2015,  72293,  16.51,  12.95,  12.74,  50.99,  -36.10,  18.40,  0.00,  0.00,  0.00,  284.51,  12.97  
00:00 03 Jun 2015,  72293,  16.10,  10.33,  10.03,  58.99,  -27.30,  19.20,  0.00,  0.00,  0.00,  284.24,  11.38  
12:00 03 Jun 2015,  72293,  14.86,  11.35,  11.17,  65.00,  -34.90,  22.40,  0.73,  0.00,  918.39,  949.59,  0.01,  284.63,  12.42  
00:00 04 Jun 2015,  72293,  10.40,  7.93,  7.65,  45.98,  -25.70,  32.00,  0.00,  0.00,  0.00,  284.86,  13.08  
12:00 04 Jun 2015,  72293,  14.12,  10.66,  10.44,  69.00,  -24.10,  24.80,  5.24,  0.00,  870.80,  940.76,  0.09,  284.90,  15.21  
00:00 05 Jun 2015,  72293,  13.23,  6.09,  5.82,  68.01,  -14.50,  23.20,  3.49,  0.00,  915.69,  922.24,  0.45,  284.54,  14.09  
12:00 05 Jun 2015,  72293,  12.72,  8.65,  8.50,  47.01,  -4.70,  26.00,  1.05,  -0.66,  892.95,  915.33,  0.04,  281.73,  13.13  
00:00 06 Jun 2015,  72293,  12.01,  5.04,  4.80,  47.98,  -2.70,  28.60,  0.00,  0.00,  0.00,  282.20,  14.92  
12:00 06 Jun 2015,  72293,  11.10,  8.24,  8.10,  35.99,  6.50,  31.80,  3.65,  -0.18,  894.51,  926.99,  0.61,  283.17,  19.04  
00:00 07 Jun 2015,  72293,  8.02,  6.60,  6.37,  40.00,  4.10,  36.00,  0.00,  0.00,  0.00,  282.61,  15.81  
12:00 07 Jun 2015,  72293,  6.62,  8.80,  8.55,  58.82,  15.50,  38.20,  0.00,  0.00,  945.73,  955.09,  0.00,  286.16,  20.87  
00:00 08 Jun 2015,  72293,  6.72,  6.16,  5.78,  52.00,  9.30,  37.60,  0.00,  0.00,  0.00,  285.49,  18.31  
12:00 08 Jun 2015,  72293,  5.64,  8.24,  7.91,  68.58,  11.50,  39.40,  0.00,  0.00,  0.00,  283.83,  19.53  
00:00 09 Jun 2015,  72293,  5.17,  4.02,  3.50,  81.38,  24.70,  40.00,  0.00,  0.00,  0.00,  284.53,  30.06  
12:00 09 Jun 2015,  72293,  0.60,  2.35,  2.46,  166.19,  36.80,  46.40,  0.00,  0.00,  0.00,  285.35,  44.59  
00:00 10 Jun 2015,  72293,  1.84,  5.11,  4.63,  161.80,  37.10,  43.40,  0.00,  0.00,  0.00,  286.93,  39.91  
12:00 10 Jun 2015,  72293,  3.83,  9.26,  8.90,  209.61,  27.90,  39.20,  0.00,  0.00,  938.64,  964.82,  0.00,  288.32,  33.93  
00:00 11 Jun 2015,  72293,  3.87,  9.18,  8.83,  192.78,  1.10,  39.40,  0.17,  -0.08,  923.25,  934.72,  0.01,  287.43,  24.33  
12:00 11 Jun 2015,  72293,  3.95,  8.01,  7.84,  206.81,  -4.90,  39.40,  0.18,  0.00,  918.30,  966.71,  0.00,  288.54,  25.70  
00:00 12 Jun 2015,  72293,  9.45,  9.04,  8.74,  120.00,  1.30,  31.60,  0.00,  0.00,  0.00,  287.22,  24.92  
12:00 12 Jun 2015,  72293,  5.11,  9.14,  8.93,  141.79,  3.50,  39.20,  0.52,  0.00,  925.43,  963.84,  0.14,  288.11,  28.18  
00:00 13 Jun 2015,  72293,  6.07,  8.39,  8.00,  72.18,  21.30,  38.40,  0.00,  0.00,  0.00,  287.97,  30.10  
12:00 13 Jun 2015,  72293,  -2.62,  7.61,  7.46,  242.82,  35.70,  51.60,  0.00,  0.00,  0.00,  287.17,  37.03  
00:00 14 Jun 2015,  72293,  3.77,  8.53,  8.26,  86.81,  28.10,  42.40,  0.00,  0.00,  0.00,  286.64,  32.10  
12:00 14 Jun 2015,  72293,  4.68,  8.94,  8.58,  78.80,  25.90,  41.00,  0.20,  0.00,  925.03,  956.81,  0.10,  287.70,  31.31  
00:00 15 Jun 2015,  72293,  4.07,  7.43,  6.99,  114.00,  22.30,  41.60,  0.00,  0.00,  0.00,  287.97,  27.99  
12:00 15 Jun 2015,  72293,  8.56,  9.76,  9.40,  29.99,  8.30,  33.60,  0.00,  0.00,  941.33,  960.48,  0.00,  288.44,  22.65  
00:00 16 Jun 2015,  72293,  7.21,  5.80,  5.35,  28.01,  13.90,  36.20,  0.00,  0.00,  0.00,  288.03,  17.87  
12:00 16 Jun 2015,  72293,  12.29,  7.67,  7.28,  27.00,  -20.10,  20.60,  0.00,  0.00,  0.00,  287.43,  11.80  
00:00 17 Jun 2015,  72293,  12.11,  6.76,  6.36,  23.99,  -9.90,  19.20,  0.00,  0.00,  0.00,  286.43,  16.39  
12:00 17 Jun 2015,  72293,  10.04,  11.67,  11.33,  33.99,  10.10,  30.00,  0.00,  0.00,  0.00,  285.93,  18.59  
00:00 18 Jun 2015,  72293,  11.84,  10.35,  10.06,  35.00,  7.90,  26.20,  0.00,  0.00,  0.00,  284.37,  19.54  
12:00 18 Jun 2015,  72293,  11.41,  9.92,  9.62,  35.99,  5.50,  27.40,  0.00,  0.00,  0.00,  286.58,  17.01  
00:00 19 Jun 2015,  72293,  15.92,  10.77,  10.40,  40.00,  -13.90,  10.00,  0.00,  0.00,  0.00,  281.64,  14.21  
12:00 19 Jun 2015,  72293,  16.12,  14.79,  14.52,  44.99,  -42.10,  9.60,  0.00,  0.00,  0.00,  276.14,  8.40  
00:00 20 Jun 2015,  72293,  15.21,  13.19,  12.90,  48.00,  -29.70,  11.60,  0.00,  0.00,  0.00,  273.94,  8.29  
12:00 20 Jun 2015,  72293,  11.23,  12.39,  12.07,  38.01,  -12.50,  25.80,  0.00,  0.00,  0.00,  283.36,  10.97  
00:00 21 Jun 2015,  72293,  14.46,  12.63,  12.30,  46.02,  -22.70,  14.00,  0.00,  0.00,  0.00,  279.55,  10.09  
12:00 21 Jun 2015,  72293,  8.81,  12.63,  12.33,  44.99,  -19.50,  33.00,  0.00,  0.00,  0.00,  284.56,  13.00  
00:00 22 Jun 2015,  72293,  7.10,  7.61,  7.14,  100.40,  12.30,  36.20,  0.00,  0.00,  0.00,  286.55,  21.35  
12:00 22 Jun 2015,  72293,  8.79,  9.01,  8.67,  48.99,  12.30,  32.80,  0.00,  0.00,  0.00,  284.42,  15.80  
00:00 23 Jun 2015,  72293,  12.20,  5.14,  4.74,  34.98,  -12.30,  16.60,  0.00,  0.00,  0.00,  283.41,  14.91  
12:00 23 Jun 2015,  72293,  9.13,  8.19,  8.33,  37.00,  -1.90,  30.80,  0.00,  0.00,  0.00,  282.54,  17.50  
00:00 24 Jun 2015,  72293,  8.55,  4.55,  4.30,  33.00,  3.30,  33.00,  0.00,  0.00,  0.00,  282.18,  15.59  
12:00 24 Jun 2015,  72293,  11.56,  5.93,  5.69,  33.00,  -17.30,  16.00,  0.00,  0.00,  0.00,  284.25,  17.12  
00:00 25 Jun 2015,  72293,  9.19,  4.66,  4.53,  49.98,  1.50,  30.00,  0.00,  0.00,  0.00,  282.71,  15.54  
12:00 25 Jun 2015,  72293,  7.57,  3.15,  3.09,  53.01,  5.90,  33.20,  0.00,  0.00,  0.00,  287.71,  20.73  
00:00 26 Jun 2015,  72293,  5.22,  5.14,  5.01,  42.00,  15.10,  39.20,  0.00,  0.00,  0.00,  281.55,  19.97  
12:00 26 Jun 2015,  72293,  7.56,  6.51,  6.36,  47.98,  14.90,  34.20,  0.00,  0.00,  0.00,  286.83,  27.28  
00:00 27 Jun 2015,  72293,  6.11,  6.90,  6.99,  49.60,  18.50,  38.40,  0.00,  0.00,  0.00,  283.32,  28.60  
12:00 27 Jun 2015,  72293,  6.61,  5.96,  5.90,  44.02,  15.30,  37.00,  0.00,  0.00,  0.00,  286.16,  28.63  
00:00 28 Jun 2015,  72293,  7.80,  5.67,  5.88,  47.01,  21.10,  34.80,  0.00,  0.00,  0.00,  288.79,  38.20  
12:00 28 Jun 2015,  72293,  3.73,  6.85,  7.06,  72.01,  29.90,  42.80,  0.00,  0.00,  0.00,  281.98,  37.72  
00:00 29 Jun 2015,  72293,  2.23,  5.61,  5.56,  123.60,  30.30,  45.00,  0.00,  0.00,  0.00,  283.99,  39.23  
12:00 29 Jun 2015,  72293,  3.06,  5.56,  5.60,  112.19,  29.90,  42.60,  0.00,  0.00,  0.00,  287.59,  41.80  
00:00 30 Jun 2015,  72293,  -0.91,  3.69,  3.88,  175.60,  32.50,  49.40,  0.00,  0.00,  0.00,  286.70,  42.21  
12:00 30 Jun 2015,  72293,  -0.96,  5.42,  5.30,  167.00,  29.70,  49.40,  0.00,  0.00,  0.00,  285.86,  37.80
  
00:00 01 Jul 2015,  72293,  -0.20,  -1.98,  -2.20,  169.20,  30.90,  48.60,  181.63,  -529.17,  332.15,  570.29,  3.19,  289.42,  42.81  
12:00 01 Jul 2015,  72293,  0.56,  1.10,  1.06,  161.80,  37.10,  46.60,  0.00,  0.00,  0.00,  289.31,  47.09  
00:00 02 Jul 2015,  72293,  -1.69,  0.23,  0.24,  194.81,  35.90,  49.00,  15.48,  -488.10,  509.64,  592.57,  1.36,  290.48,  46.57  
12:00 02 Jul 2015,  72293,  1.07,  1.17,  0.86,  162.01,  34.70,  45.20,  0.00,  0.00,  0.00,  290.07,  43.35  
00:00 03 Jul 2015,  72293,  0.66,  3.82,  3.34,  147.80,  17.10,  46.40,  0.00,  0.00,  0.00,  285.14,  27.50  
12:00 03 Jul 2015,  72293,  0.77,  4.80,  4.59,  173.81,  15.50,  46.20,  0.00,  0.00,  0.00,  288.53,  24.26  
00:00 04 Jul 2015,  72293,  6.80,  5.36,  5.10,  13.99,  10.30,  37.20,  0.00,  0.00,  0.00,  284.90,  23.19  
12:00 04 Jul 2015,  72293,  8.63,  5.24,  4.97,  26.98,  16.30,  31.80,  0.02,  0.00,  933.39,  955.16,  0.01,  289.17,  32.71  
00:00 05 Jul 2015,  72293,  10.55,  6.32,  5.96,  29.00,  10.70,  29.20,  0.00,  0.00,  0.00,  287.25,  27.02  
12:00 05 Jul 2015,  72293,  7.18,  6.68,  6.42,  15.00,  18.90,  36.00,  0.00,  0.00,  938.73,  963.21,  0.00,  288.12,  32.92  
00:00 06 Jul 2015,  72293,  11.76,  5.72,  5.42,  22.98,  10.70,  24.40,  0.00,  0.00,  0.00,  287.94,  30.98  
12:00 06 Jul 2015,  72293,  8.96,  7.45,  7.12,  15.99,  20.90,  32.80,  0.00,  0.00,  0.00,  288.34,  32.82  
00:00 07 Jul 2015,  72293,  0.56,  6.36,  6.05,  136.01,  19.70,  47.40,  0.00,  0.00,  0.00,  286.98,  26.66  
12:00 07 Jul 2015,  72293,  10.69,  7.03,  6.72,  24.01,  -8.70,  28.60,  0.23,  0.00,  922.70,  962.95,  0.03,  288.38,  21.02  
00:00 08 Jul 2015,  72293,  13.01,  5.57,  5.17,  30.01,  -17.30,  20.80,  0.00,  0.00,  0.00,  287.16,  16.20  
12:00 08 Jul 2015,  72293,  4.86,  8.59,  8.28,  166.21,  9.50,  38.80,  2.44,  0.00,  906.87,  943.48,  0.13,  287.23,  21.94  
00:00 09 Jul 2015,  72293,  7.17,  7.97,  7.64,  121.58,  2.70,  35.80,  0.00,  0.00,  0.00,  286.17,  22.05  
12:00 09 Jul 2015,  72293,  7.83,  6.63,  6.33,  117.58,  -8.30,  35.80,  13.86,  -1.34,  863.86,  921.02,  0.33,  287.45,  21.87  
00:00 10 Jul 2015,  72293,  12.75,  7.31,  7.03,  57.98,  0.50,  28.00,  0.00,  0.00,  0.00,  284.73,  21.04  
12:00 10 Jul 2015,  72293,  7.99,  7.14,  6.86,  154.38,  5.30,  34.20,  10.57,  0.00,  837.22,  940.98,  0.87,  287.27,  25.09  
00:00 11 Jul 2015,  72293,  9.57,  6.71,  6.39,  58.98,  0.10,  33.20,  0.00,  0.00,  0.00,  284.35,  23.02  
12:00 11 Jul 2015,  72293,  10.23,  7.38,  7.16,  39.21,  -0.90,  32.00,  0.00,  0.00,  0.00,  287.53,  22.57  
00:00 12 Jul 2015,  72293,  11.40,  6.05,  5.88,  56.00,  -1.10,  29.20,  0.00,  0.00,  0.00,  286.52,  21.23  
12:00 12 Jul 2015,  72293,  12.22,  6.77,  6.74,  54.99,  -12.50,  26.60,  0.00,  0.00,  0.00,  288.47,  20.67  
00:00 13 Jul 2015,  72293,  13.56,  5.94,  5.67,  50.00,  -22.10,  19.00,  0.00,  0.00,  0.00,  284.87,  16.26  
12:00 13 Jul 2015,  72293,  11.54,  6.12,  5.97,  28.98,  -17.70,  26.40,  0.00,  0.00,  0.00,  286.38,  16.97  
00:00 14 Jul 2015,  72293,  13.21,  6.87,  6.47,  21.61,  -20.50,  21.00,  0.00,  0.00,  0.00,  283.31,  14.82  
12:00 14 Jul 2015,  72293,  8.92,  5.43,  5.25,  37.00,  -6.30,  33.40,  0.00,  0.00,  0.00,  288.51,  18.73  
00:00 15 Jul 2015,  72293,  9.97,  7.14,  6.93,  32.01,  -16.90,  31.00,  0.00,  0.00,  0.00,  284.37,  14.57  
12:00 15 Jul 2015,  72293,  14.67,  8.67,  8.35,  23.99,  -13.10,  17.20,  0.59,  0.00,  925.82,  954.48,  0.05,  287.65,  16.29  
00:00 16 Jul 2015,  72293,  10.55,  5.47,  5.09,  17.00,  -1.50,  29.20,  0.00,  0.00,  0.00,  286.27,  16.90  
12:00 16 Jul 2015,  72293,  11.55,  7.99,  7.68,  25.99,  -18.70,  27.40,  0.00,  0.00,  937.71,  943.29,  0.00,  287.47,  16.20  
00:00 17 Jul 2015,  72293,  13.94,  6.76,  6.37,  19.99,  -9.10,  16.20,  0.00,  0.00,  0.00,  286.54,  18.49  
12:00 17 Jul 2015,  72293,  8.14,  6.98,  6.56,  46.02,  19.90,  34.60,  0.00,  0.00,  954.49,  957.17,  0.00,  289.13,  26.83  
00:00 18 Jul 2015,  72293,  0.45,  2.40,  1.93,  145.41,  30.70,  48.00,  0.00,  0.00,  0.00,  286.15,  30.08  
12:00 18 Jul 2015,  72293,  -2.62,  6.49,  6.76,  237.81,  39.00,  50.80,  0.00,  0.00,  0.00,  281.45,  43.40  
00:00 19 Jul 2015,  72293,  -0.29,  1.65,  1.42,  216.00,  36.80,  45.10,  0.00,  0.00,  0.00,  289.57,  49.49  
12:00 19 Jul 2015,  72293,  -3.22,  -2.75,  -3.29,  259.20,  37.50,  51.80,  271.87,  -219.17,  304.79,  689.05,  25.44,  288.99,  41.29  
00:00 20 Jul 2015,  72293,  1.36,  -1.65,  -1.82,  195.21,  32.60,  42.60,  712.03,  -10.72,  242.58,  852.16,  36.00,  294.08,  54.57  
12:00 20 Jul 2015,  72293,  -0.20,  0.01,  -0.62,  235.81,  13.70,  44.00,  96.14,  0.00,  385.63,  960.69,  5.84,  293.23,  44.58  
00:00 21 Jul 2015,  72293,  1.75,  -0.28,  -0.93,  190.80,  7.70,  43.60,  48.10,  -258.88,  412.21,  516.99,  3.23,  290.92,  28.38  
12:00 21 Jul 2015,  72293,  0.11,  0.37,  -0.05,  191.99,  4.70,  44.80,  13.14,  -523.27,  467.75,  501.00,  0.82,  292.09,  34.73  
00:00 22 Jul 2015,  72293,  12.98,  1.31,  0.61,  44.02,  -9.30,  23.60,  8.23,  -390.60,  514.96,  546.30,  0.34,  291.02,  22.86  
12:00 22 Jul 2015,  72293,  8.51,  4.96,  4.45,  114.98,  -0.50,  33.00,  3.97,  -1.50,  885.02,  921.57,  0.18,  290.46,  25.11  
00:00 23 Jul 2015,  72293,  3.51,  3.85,  3.27,  190.59,  7.70,  39.80,  0.00,  0.00,  0.00,  289.08,  28.08  
12:00 23 Jul 2015,  72293,  8.44,  4.94,  4.37,  112.39,  -6.30,  33.00,  3.28,  -0.22,  888.45,  933.29,  0.11,  291.04,  25.40  
00:00 24 Jul 2015,  72293,  10.67,  3.59,  2.95,  57.40,  -9.30,  30.00,  0.00,  0.00,  0.00,  289.92,  19.18  
12:00 24 Jul 2015,  72293,  13.23,  4.67,  4.15,  29.00,  -5.50,  25.00,  0.00,  0.00,  954.69,  969.41,  0.00,  291.11,  19.53  
00:00 25 Jul 2015,  72293,  12.73,  6.84,  6.39,  16.98,  1.70,  24.80,  0.00,  0.00,  0.00,  283.42,  14.91  
12:00 25 Jul 2015,  72293,  11.30,  4.47,  3.95,  27.99,  11.10,  29.00,  0.00,  0.00,  0.00,  288.30,  20.22  
00:00 26 Jul 2015,  72293,  14.92,  9.99,  9.61,  33.99,  -1.50,  18.60,  0.00,  0.00,  0.00,  278.11,  19.38  
12:00 26 Jul 2015,  72293,  8.90,  7.30,  7.10,  88.00,  8.70,  33.40,  0.00,  0.00,  0.00,  284.95,  23.71  
00:00 27 Jul 2015,  72293,  5.82,  5.56,  0.00,  0.00,  236.44,  0.75  
12:00 27 Jul 2015,  72293,  13.36,  10.16,  9.81,  37.00,  -17.50,  24.80,  0.42,  0.00,  920.13,  946.88,  0.06,  287.63,  15.86  
00:00 28 Jul 2015,  72293,  12.31,  8.55,  8.13,  16.01,  -13.50,  26.60,  0.00,  0.00,  0.00,  285.75,  14.89  
12:00 28 Jul 2015,  72293,  13.52,  7.90,  7.51,  28.01,  -15.10,  21.40,  0.00,  0.00,  0.00,  288.24,  17.56  
00:00 29 Jul 2015,  72293,  12.70,  5.75,  5.24,  10.98,  2.30,  21.00,  0.00,  0.00,  0.00,  287.27,  17.61  
12:00 29 Jul 2015,  72293,  0.74,  7.21,  6.78,  172.18,  37.80,  45.60,  0.00,  0.00,  0.00,  289.75,  41.22  
00:00 30 Jul 2015,  72293,  -1.42,  2.67,  2.39,  174.79,  38.30,  49.40,  0.00,  0.00,  0.00,  289.81,  45.28  
12:00 30 Jul 2015,  72293,  -4.51,  2.38,  2.45,  298.60,  41.30,  52.80,  0.00,  0.00,  0.00,  290.68,  52.19  
00:00 31 Jul 2015,  72293,  3.40,  1.39,  1.01,  120.20,  35.40,  42.40,  0.00,  0.00,  0.00,  290.16,  43.25  
12:00 31 Jul 2015,  72293,  0.99,  2.78,  2.32,  162.60,  31.70,  44.80,  0.00,  0.00,  0.00,  291.41,  37.73
  
00:00 01 Aug 2015,  72293,  12.30,  5.43,  5.00,  25.99,  2.10,  24.20,  0.00,  0.00,  0.00,  286.24,  19.98  
12:00 01 Aug 2015,  72293,  6.97,  5.33,  4.95,  52.39,  19.10,  36.80,  0.00,  0.00,  951.94,  964.18,  0.00,  290.39,  25.80  
00:00 02 Aug 2015,  72293,  10.33,  3.54,  3.08,  32.01,  1.30,  29.20,  0.00,  0.00,  0.00,  289.43,  21.07  
12:00 02 Aug 2015,  72293,  10.62,  4.83,  4.46,  31.99,  8.90,  26.20,  0.00,  0.00,  0.00,  289.82,  26.15  
00:00 03 Aug 2015,  72293,  10.56,  3.20,  2.66,  34.01,  -19.30,  26.80,  0.00,  0.00,  0.00,  289.13,  17.81  
12:00 03 Aug 2015,  72293,  12.87,  4.83,  4.35,  29.00,  -8.70,  18.40,  0.00,  0.00,  944.08,  962.56,  0.00,  290.39,  19.07  
00:00 04 Aug 2015,  72293,  14.82,  5.01,  4.66,  33.99,  -22.30,  10.40,  0.00,  0.00,  0.00,  287.87,  16.33  
12:00 04 Aug 2015,  72293,  12.25,  4.45,  4.18,  46.99,  -13.90,  23.20,  0.00,  0.00,  0.00,  290.45,  22.99  
00:00 05 Aug 2015,  72293,  7.74,  7.10,  6.83,  37.40,  13.30,  35.20,  0.00,  0.00,  0.00,  282.56,  20.82  
12:00 05 Aug 2015,  72293,  5.70,  4.73,  4.30,  72.41,  2.70,  39.00,  0.00,  0.00,  0.00,  287.08,  22.00  
00:00 06 Aug 2015,  72293,  4.17,  6.80,  6.49,  88.39,  9.50,  41.60,  0.00,  0.00,  0.00,  281.89,  19.79  
12:00 06 Aug 2015,  72293,  4.02,  4.00,  3.83,  54.58,  27.50,  42.40,  0.00,  0.00,  0.00,  286.47,  36.17  
00:00 07 Aug 2015,  72293,  3.38,  3.10,  3.02,  107.00,  31.50,  43.00,  0.00,  0.00,  0.00,  287.42,  37.60  
12:00 07 Aug 2015,  72293,  11.82,  2.68,  2.71,  39.01,  1.30,  20.20,  1.05,  0.00,  919.58,  956.54,  0.03,  289.76,  29.14  
00:00 08 Aug 2015,  72293,  9.47,  6.18,  5.71,  48.99,  -5.50,  32.40,  0.00,  0.00,  0.00,  287.51,  18.75  
12:00 08 Aug 2015,  72293,  15.32,  8.98,  8.64,  32.98,  -27.70,  18.20,  2.07,  -0.09,  905.99,  929.21,  0.18,  286.65,  14.34  
00:00 09 Aug 2015,  72293,  15.40,  7.48,  7.09,  33.00,  -39.50,  13.80,  0.00,  0.00,  0.00,  285.29,  11.35  
12:00 09 Aug 2015,  72293,  15.34,  7.09,  6.70,  34.98,  -33.50,  15.00,  1.03,  0.00,  914.01,  954.95,  0.15,  288.57,  15.98  
00:00 10 Aug 2015,  72293,  15.91,  7.21,  6.94,  53.98,  -38.90,  6.80,  0.00,  0.00,  0.00,  286.33,  17.68  
12:00 10 Aug 2015,  72293,  14.84,  7.64,  7.40,  44.99,  -38.50,  11.60,  1.93,  0.00,  911.79,  943.69,  0.06,  287.33,  17.05  
00:00 11 Aug 2015,  72293,  15.30,  7.19,  6.82,  46.02,  -38.50,  11.20,  0.00,  0.00,  0.00,  286.38,  14.62  
12:00 11 Aug 2015,  72293,  14.14,  8.38,  8.06,  40.00,  -9.90,  19.60,  0.36,  0.00,  923.17,  947.98,  0.01,  288.03,  17.98  
00:00 12 Aug 2015,  72293,  13.83,  7.06,  6.64,  32.01,  -9.90,  21.20,  0.00,  0.00,  0.00,  286.59,  14.84  
12:00 12 Aug 2015,  72293,  12.01,  7.35,  7.01,  38.99,  -12.10,  23.00,  0.00,  0.00,  0.00,  287.94,  20.23  
00:00 13 Aug 2015,  72293,  8.43,  7.38,  6.96,  23.99,  12.30,  33.80,  0.00,  0.00,  0.00,  283.08,  21.75  
12:00 13 Aug 2015,  72293,  0.88,  4.81,  4.63,  151.81,  28.70,  46.60,  0.00,  0.00,  0.00,  286.91,  34.46  
00:00 14 Aug 2015,  72293,  2.64,  6.81,  6.65,  118.60,  29.70,  43.80,  0.00,  0.00,  0.00,  281.86,  35.76  
12:00 14 Aug 2015,  72293,  3.39,  8.31,  8.24,  110.98,  25.30,  42.60,  0.00,  0.00,  0.00,  280.51,  28.76  
00:00 15 Aug 2015,  72293,  1.57,  10.40,  10.49,  115.40,  24.30,  46.20,  0.00,  0.00,  0.00,  269.37,  29.07  
12:00 15 Aug 2015,  72293,  4.53,  6.17,  6.15,  66.20,  24.70,  41.20,  0.00,  0.00,  0.00,  282.31,  33.50  
00:00 16 Aug 2015,  72293,  3.99,  8.39,  8.09,  92.58,  23.70,  41.80,  0.00,  0.00,  0.00,  277.48,  29.55  
12:00 16 Aug 2015,  72293,  4.65,  10.52,  10.34,  75.78,  27.30,  40.80,  0.00,  0.00,  0.00,  275.75,  28.52  
00:00 17 Aug 2015,  72293,  5.92,  13.29,  13.09,  59.19,  25.30,  38.40,  0.00,  0.00,  0.00,  265.95,  26.88  
12:00 17 Aug 2015,  72293,  3.62,  4.64,  4.81,  96.20,  26.90,  42.60,  0.00,  0.00,  0.00,  286.70,  35.12  
00:00 18 Aug 2015,  72293,  9.85,  3.63,  3.38,  23.00,  18.50,  31.00,  0.00,  0.00,  0.00,  290.01,  34.46  
12:00 18 Aug 2015,  72293,  10.45,  5.15,  4.88,  36.81,  15.90,  30.00,  0.06,  0.00,  936.06,  964.09,  0.00,  292.05,  33.88  
00:00 19 Aug 2015,  72293,  8.70,  4.09,  3.76,  68.82,  8.10,  33.40,  0.00,  0.00,  0.00,  288.51,  25.33  
12:00 19 Aug 2015,  72293,  16.10,  6.96,  6.70,  50.02,  -21.70,  8.20,  0.00,  0.00,  943.83,  960.20,  0.00,  290.42,  22.26  
00:00 20 Aug 2015,  72293,  12.29,  6.29,  5.97,  46.99,  -3.10,  25.00,  0.00,  0.00,  0.00,  287.59,  21.39  
12:00 20 Aug 2015,  72293,  6.75,  9.09,  8.89,  74.59,  14.30,  37.00,  0.46,  -0.03,  918.91,  935.03,  0.03,  287.63,  27.63  
00:00 21 Aug 2015,  72293,  11.01,  5.39,  5.20,  42.02,  4.70,  27.00,  0.00,  0.00,  0.00,  287.71,  29.66  
12:00 21 Aug 2015,  72293,  11.52,  5.18,  5.12,  50.00,  -0.10,  22.20,  1.09,  0.00,  908.11,  939.51,  0.09,  289.19,  29.84  
00:00 22 Aug 2015,  72293,  12.61,  6.06,  5.77,  31.00,  2.30,  23.20,  0.00,  0.00,  0.00,  288.03,  23.51  
12:00 22 Aug 2015,  72293,  9.78,  6.59,  6.19,  -1.10,  30.80,  0.11,  0.00,  928.90,  943.72,  288.88,  19.82  
00:00 23 Aug 2015,  72293,  10.03,  3.84,  3.33,  24.98,  -4.10,  29.00,  0.00,  0.00,  0.00,  288.53,  18.01  
12:00 23 Aug 2015,  72293,  7.56,  4.48,  4.07,  13.00,  6.90,  35.40,  0.00,  0.00,  946.60,  960.70,  0.00,  290.28,  21.38  
00:00 24 Aug 2015,  72293,  9.18,  3.02,  2.46,  19.00,  8.50,  31.40,  0.00,  0.00,  0.00,  288.91,  21.00  
12:00 24 Aug 2015,  72293,  7.81,  3.76,  3.30,  12.98,  12.10,  34.60,  0.00,  0.00,  0.00,  290.20,  29.29  
00:00 25 Aug 2015,  72293,  1.40,  1.90,  1.41,  122.01,  32.10,  46.20,  0.00,  0.00,  0.00,  288.02,  37.21  
12:00 25 Aug 2015,  72293,  1.97,  2.11,  2.09,  84.41,  30.70,  46.00,  0.00,  0.00,  0.00,  288.89,  38.00  
00:00 26 Aug 2015,  72293,  0.73,  -0.20,  -0.32,  137.40,  33.90,  46.40,  51.58,  -480.78,  428.52,  638.03,  22.78,  289.51,  46.81  
12:00 26 Aug 2015,  72293,  0.44,  0.88,  0.87,  125.60,  36.70,  47.20,  0.01,  -795.85,  398.38,  403.61,  0.00,  290.09,  45.27  
00:00 27 Aug 2015,  72293,  0.55,  1.09,  0.56,  136.58,  32.30,  47.00,  0.00,  0.00,  0.00,  285.20,  38.11  
12:00 27 Aug 2015,  72293,  2.10,  5.05,  4.53,  134.98,  32.90,  43.80,  0.00,  0.00,  0.00,  285.47,  37.64  
00:00 28 Aug 2015,  72293,  1.49,  8.13,  7.76,  152.60,  32.10,  44.60,  0.00,  0.00,  0.00,  275.94,  32.13  
12:00 28 Aug 2015,  72293,  1.46,  6.42,  6.05,  138.60,  31.90,  45.20,  0.00,  0.00,  0.00,  280.30,  33.68  
00:00 29 Aug 2015,  72293,  2.49,  7.92,  7.54,  127.99,  28.30,  43.60,  0.00,  0.00,  0.00,  274.97,  28.22  
12:00 29 Aug 2015,  72293,  5.35,  4.91,  4.77,  66.60,  26.70,  39.80,  0.00,  0.00,  0.00,  284.22,  31.94  
00:00 30 Aug 2015,  72293,  6.51,  5.72,  5.16,  90.01,  28.50,  37.00,  0.00,  0.00,  0.00,  282.83,  31.83  
12:00 30 Aug 2015,  72293,  4.41,  4.37,  3.75,  146.39,  13.50,  39.60,  0.00,  0.00,  0.00,  288.42,  26.37  
00:00 31 Aug 2015,  72293,  8.56,  4.55,  3.93,  82.98,  5.70,  33.40,  0.00,  0.00,  0.00,  288.26,  24.36  
12:00 31 Aug 2015,  72293,  11.34,  4.87,  4.56,  34.98,  -9.50,  27.60,  0.00,  0.00,  0.00,  289.84,  20.93
  
00:00 01 Sep 2015,  72293,  14.59,  4.86,  4.53,  38.01,  -17.30,  11.20,  0.00,  0.00,  0.00,  286.53,  14.32  
12:00 01 Sep 2015,  72293,  14.13,  6.39,  5.97,  31.00,  -21.90,  17.80,  2.56,  0.00,  911.34,  940.31,  0.26,  288.18,  18.40  
00:00 02 Sep 2015,  72293,  12.13,  5.19,  5.10,  30.98,  -0.90,  26.00,  0.00,  0.00,  0.00,  288.50,  22.44  
12:00 02 Sep 2015,  72293,  13.89,  6.37,  6.14,  33.99,  -2.90,  21.60,  1.51,  -0.19,  910.37,  935.68,  0.13,  288.42,  20.49  
00:00 03 Sep 2015,  72293,  13.24,  4.80,  4.62,  49.01,  -5.70,  19.40,  0.00,  0.00,  0.00,  286.14,  21.58  
12:00 03 Sep 2015,  72293,  12.07,  6.11,  5.84,  40.99,  7.70,  25.20,  0.00,  0.00,  0.00,  287.40,  23.73  
00:00 04 Sep 2015,  72293,  6.95,  4.60,  4.24,  57.20,  18.90,  37.60,  0.00,  0.00,  0.00,  285.40,  25.01  
12:00 04 Sep 2015,  72293,  6.79,  4.89,  4.56,  77.80,  11.90,  38.00,  11.37,  0.00,  865.55,  928.76,  0.40,  287.15,  25.88  
00:00 05 Sep 2015,  72293,  14.73,  4.70,  4.34,  40.02,  -25.30,  12.40,  0.00,  0.00,  0.00,  285.80,  15.83  
12:00 05 Sep 2015,  72293,  15.53,  7.66,  7.33,  48.99,  -22.30,  14.20,  0.33,  -0.01,  906.46,  919.75,  0.01,  286.09,  15.35  
00:00 06 Sep 2015,  72293,  10.38,  3.04,  2.60,  54.00,  -5.10,  30.00,  0.00,  0.00,  0.00,  286.98,  15.66  
12:00 06 Sep 2015,  72293,  6.68,  7.89,  7.48,  98.58,  29.80,  36.40,  0.00,  0.00,  0.00,  285.51,  27.70  
00:00 07 Sep 2015,  72293,  2.43,  4.27,  3.73,  281.29,  31.10,  42.60,  0.00,  0.00,  0.00,  284.66,  35.08  
12:00 07 Sep 2015,  72293,  -2.09,  4.34,  3.88,  220.60,  21.80,  48.10,  0.00,  0.00,  0.00,  285.26,  41.24  
00:00 08 Sep 2015,  72293,  -2.18,  0.53,  -0.11,  222.42,  36.90,  49.40,  25.17,  -524.88,  340.00,  561.61,  1.37,  287.09,  42.06  
12:00 08 Sep 2015,  72293,  -3.96,  0.29,  -0.14,  281.00,  40.10,  53.20,  1.55,  -779.99,  475.05,  507.52,  0.16,  286.40,  45.05  
00:00 09 Sep 2015,  72293,  -4.25,  -1.55,  -1.76,  308.40,  43.80,  54.60,  76.06,  -582.64,  431.98,  556.21,  3.72,  285.08,  45.18  
12:00 09 Sep 2015,  72293,  -2.22,  -0.47,  -0.90,  204.81,  34.90,  51.00,  79.15,  -533.19,  442.49,  579.35,  178.17,  285.69,  42.23  
00:00 10 Sep 2015,  72293,  0.19,  1.51,  1.08,  171.79,  36.60,  45.40,  47.62,  -251.83,  472.47,  644.04,  3.52,  284.79,  45.88  
12:00 10 Sep 2015,  72293,  0.51,  0.11,  -0.31,  177.78,  34.10,  45.40,  69.61,  -342.44,  470.33,  661.92,  5.34,  289.66,  46.75  
00:00 11 Sep 2015,  72293,  1.63,  0.38,  0.13,  189.61,  26.30,  42.00,  220.74,  -108.15,  276.51,  697.87,  17.82,  288.51,  47.81  
12:00 11 Sep 2015,  72293,  2.17,  1.37,  1.18,  162.20,  33.40,  42.60,  2.19,  -384.92,  444.72,  589.60,  0.19,  289.48,  48.06  
00:00 12 Sep 2015,  72293,  0.03,  1.42,  1.27,  197.61,  37.10,  45.20,  0.00,  0.00,  0.00,  287.23,  51.54  
12:00 12 Sep 2015,  72293,  3.57,  2.06,  2.00,  153.80,  22.70,  40.60,  0.00,  0.00,  0.00,  289.01,  44.35  
00:00 13 Sep 2015,  72293,  4.02,  1.41,  1.39,  110.98,  21.70,  41.40,  4.81,  -453.06,  539.47,  583.47,  0.12,  286.47,  33.00  
12:00 13 Sep 2015,  72293,  0.31,  4.44,  4.04,  176.81,  26.90,  45.00,  0.00,  0.00,  0.00,  287.44,  35.37  
00:00 14 Sep 2015,  72293,  5.87,  5.16,  4.66,  111.59,  14.50,  37.40,  0.00,  0.00,  0.00,  285.55,  25.47  
12:00 14 Sep 2015,  72293,  4.07,  2.82,  2.18,  166.79,  8.90,  39.00,  0.00,  0.00,  0.00,  291.64,  27.62  
00:00 15 Sep 2015,  72293,  7.88,  4.06,  3.37,  189.18,  8.60,  31.90,  132.90,  -0.07,  605.31,  873.77,  11.50,  289.01,  27.52  
12:00 15 Sep 2015,  72293,  4.01,  2.96,  2.25,  359.78,  28.90,  36.80,  115.56,  -1.58,  360.12,  901.98,  1.83,  292.36,  41.32  
00:00 16 Sep 2015,  72293,  0.80,  0.38,  -0.35,  299.32,  23.50,  42.20,  128.08,  -1.41,  330.87,  796.99,  3.68,  293.34,  38.02  
12:00 16 Sep 2015,  72293,  5.35,  6.63,  6.29,  371.48,  -1.40,  35.90,  0.21,  -3.47,  804.68,  910.32,  0.01,  288.80,  26.11  
00:00 17 Sep 2015,  72293,  10.63,  8.28,  7.92,  133.20,  -20.70,  29.40,  0.00,  0.00,  0.00,  287.01,  20.22  
12:00 17 Sep 2015,  72293,  18.73,  8.08,  7.76,  36.01,  -32.70,  13.20,  0.31,  -0.29,  919.30,  933.90,  0.02,  288.51,  21.38  
00:00 18 Sep 2015,  72293,  10.37,  3.37,  2.91,  54.19,  2.70,  31.20,  0.00,  0.00,  0.00,  288.58,  18.50  
12:00 18 Sep 2015,  72293,  15.04,  6.25,  5.89,  38.00,  -11.70,  16.40,  0.00,  0.00,  0.00,  287.66,  20.46  
00:00 19 Sep 2015,  72293,  6.28,  3.84,  3.43,  93.79,  8.30,  37.80,  0.00,  0.00,  0.00,  287.39,  20.98  
12:00 19 Sep 2015,  72293,  9.37,  2.64,  2.24,  27.00,  -5.10,  31.80,  0.04,  -1087.62,  356.21,  360.87,  0.00,  288.47,  26.42  
00:00 20 Sep 2015,  72293,  1.70,  -1.84,  -2.61,  146.00,  32.30,  45.60,  811.78,  -400.23,  237.52,  563.34,  60.34,  289.90,  33.17  
12:00 20 Sep 2015,  72293,  0.70,  -0.39,  -0.72,  106.98,  33.30,  47.60,  233.49,  -642.92,  306.07,  525.56,  32.76,  286.38,  38.06  
00:00 21 Sep 2015,  72293,  -1.82,  0.09,  -0.28,  218.00,  40.50,  51.20,  181.44,  -527.64,  307.74,  538.68,  4.25,  282.86,  40.82  
12:00 21 Sep 2015,  72293,  0.21,  1.11,  0.72,  127.61,  29.90,  48.20,  7.02,  -765.84,  324.62,  568.32,  1.54,  286.46,  35.25  
00:00 22 Sep 2015,  72293,  0.64,  -0.18,  -0.24,  143.00,  31.70,  47.40,  7.55,  -428.03,  491.38,  572.43,  1.20,  287.98,  40.89  
12:00 22 Sep 2015,  72293,  1.79,  1.65,  1.70,  122.80,  28.10,  46.40,  0.00,  0.00,  0.00,  286.24,  36.99  
00:00 23 Sep 2015,  72293,  12.57,  3.37,  3.26,  33.99,  3.10,  21.80,  0.00,  0.00,  0.00,  284.49,  27.40  
12:00 23 Sep 2015,  72293,  3.89,  2.87,  2.39,  106.79,  25.90,  42.00,  0.00,  0.00,  0.00,  290.19,  31.71  
00:00 24 Sep 2015,  72293,  6.38,  7.77,  7.28,  83.99,  25.50,  37.00,  0.00,  0.00,  0.00,  284.44,  26.56  
12:00 24 Sep 2015,  72293,  5.75,  5.26,  4.67,  115.19,  24.70,  37.20,  0.00,  0.00,  0.00,  290.30,  31.12  
00:00 25 Sep 2015,  72293,  7.06,  4.81,  4.15,  99.40,  27.30,  35.20,  0.00,  0.00,  0.00,  288.25,  32.15  
12:00 25 Sep 2015,  72293,  6.53,  6.23,  5.58,  142.39,  18.10,  34.80,  0.00,  0.00,  0.00,  290.94,  29.55  
00:00 26 Sep 2015,  72293,  6.59,  11.88,  11.51,  132.99,  28.90,  35.80,  0.00,  0.00,  0.00,  274.37,  27.21  
12:00 26 Sep 2015,  72293,  4.19,  9.41,  9.11,  149.78,  11.10,  39.40,  0.00,  0.00,  0.00,  282.31,  25.58  
00:00 27 Sep 2015,  72293,  6.10,  8.83,  8.65,  96.60,  -8.90,  37.60,  0.00,  0.00,  0.00,  279.18,  21.84  
12:00 27 Sep 2015,  72293,  6.94,  3.27,  2.87,  85.78,  21.10,  36.40,  0.00,  0.00,  0.00,  289.50,  28.27  
00:00 28 Sep 2015,  72293,  14.67,  8.58,  8.45,  44.02,  -9.90,  10.80,  0.00,  0.00,  0.00,  279.36,  22.61  
12:00 28 Sep 2015,  72293,  15.89,  7.77,  7.40,  29.00,  -10.10,  12.60,  0.00,  0.00,  0.00,  286.51,  24.28  
00:00 29 Sep 2015,  72293,  13.15,  5.92,  5.67,  38.00,  -15.30,  23.00,  0.00,  0.00,  0.00,  282.67,  21.40  
12:00 29 Sep 2015,  72293,  9.19,  6.19,  5.97,  30.01,  -8.30,  32.80,  0.00,  0.00,  0.00,  286.43,  18.51  
00:00 30 Sep 2015,  72293,  16.30,  8.87,  8.51,  21.99,  -31.70,  11.40,  0.00,  0.00,  0.00,  281.26,  11.34  
12:00 30 Sep 2015,  72293,  13.71,  8.72,  8.30,  33.00,  -12.30,  20.60,  0.00,  0.00,  0.00,  285.23,  15.02
  
00:00 01 Oct 2015,  72293,  12.35,  8.45,  7.99,  33.97,  -13.30,  25.20,  0.00,  0.00,  0.00,  280.95,  13.23  
12:00 01 Oct 2015,  72293,  7.43,  6.15,  5.65,  118.61,  0.90,  35.20,  0.00,  0.00,  0.00,  288.35,  21.94  
00:00 02 Oct 2015,  72293,  14.05,  7.21,  6.69,  77.99,  7.30,  23.80,  0.00,  0.00,  0.00,  286.60,  22.92  
12:00 02 Oct 2015,  72293,  11.56,  4.87,  4.44,  129.82,  -6.30,  28.60,  13.70,  0.00,  869.82,  941.16,  0.19,  290.84,  23.26  
00:00 03 Oct 2015,  72293,  15.64,  4.68,  4.14,  55.98,  -28.90,  19.80,  0.00,  0.00,  0.00,  288.09,  14.93  
12:00 03 Oct 2015,  72293,  9.45,  6.43,  5.97,  82.98,  10.10,  32.20,  0.00,  0.00,  0.00,  287.90,  23.41  
00:00 04 Oct 2015,  72293,  9.76,  3.77,  3.24,  55.18,  11.70,  32.20,  0.00,  0.00,  0.00,  288.15,  22.36  
12:00 04 Oct 2015,  72293,  6.77,  3.73,  3.26,  347.08,  6.20,  35.70,  99.33,  0.00,  753.32,  931.93,  1.64,  288.96,  25.83  
00:00 05 Oct 2015,  72293,  6.40,  3.74,  3.40,  296.78,  1.50,  39.00,  76.94,  -0.44,  712.54,  901.63,  1.36,  285.53,  23.88  
12:00 05 Oct 2015,  72293,  4.91,  2.43,  2.28,  142.01,  24.50,  42.50,  94.59,  -6.01,  665.64,  898.59,  2.35,  285.62,  25.74  
00:00 06 Oct 2015,  72293,  4.02,  0.53,  0.22,  125.20,  27.30,  43.70,  156.57,  -0.90,  623.91,  905.18,  5.84,  287.54,  27.60  
12:00 06 Oct 2015,  72293,  5.07,  3.19,  3.02,  111.58,  26.40,  42.20,  0.25,  -42.42,  698.49,  751.25,  0.01,  284.93,  25.90  
00:00 07 Oct 2015,  72293,  5.98,  1.78,  1.44,  111.39,  19.70,  40.00,  23.81,  -34.62,  706.34,  808.74,  1.71,  286.68,  25.85  
12:00 07 Oct 2015,  72293,  5.76,  2.97,  2.58,  144.61,  17.90,  39.20,  10.60,  -105.29,  713.51,  768.59,  0.47,  288.98,  27.31  
00:00 08 Oct 2015,  72293,  9.83,  5.02,  4.53,  88.80,  9.90,  32.00,  0.21,  -222.49,  708.52,  716.90,  0.01,  287.29,  23.85  
12:00 08 Oct 2015,  72293,  7.87,  3.48,  3.16,  83.39,  5.50,  35.60,  0.00,  0.00,  0.00,  287.30,  22.37  
00:00 09 Oct 2015,  72293,  5.23,  5.48,  5.35,  119.80,  25.90,  40.00,  0.00,  0.00,  0.00,  279.65,  26.75  
12:00 09 Oct 2015,  72293,  8.75,  9.06,  8.90,  77.99,  15.70,  33.40,  0.00,  0.00,  0.00,  277.67,  23.32  
00:00 10 Oct 2015,  72293,  8.23,  7.61,  7.28,  82.22,  14.30,  34.40,  0.00,  0.00,  0.00,  270.35,  19.82  
12:00 10 Oct 2015,  72293,  7.26,  7.13,  6.74,  117.01,  5.90,  35.80,  0.00,  0.00,  0.00,  277.51,  21.37  
00:00 11 Oct 2015,  72293,  4.89,  4.72,  4.33,  102.58,  28.90,  40.20,  0.00,  0.00,  0.00,  277.97,  25.82  
12:00 11 Oct 2015,  72293,  5.42,  6.83,  6.55,  113.00,  20.90,  38.80,  0.00,  0.00,  0.00,  277.09,  28.65  
00:00 12 Oct 2015,  72293,  5.09,  6.63,  6.29,  121.38,  29.70,  39.20,  0.00,  0.00,  0.00,  278.97,  34.90  
12:00 12 Oct 2015,  72293,  2.77,  5.70,  5.60,  150.21,  31.70,  43.20,  0.00,  0.00,  0.00,  280.92,  38.89  
00:00 13 Oct 2015,  72293,  1.26,  0.70,  0.51,  158.21,  34.20,  46.20,  0.00,  0.00,  0.00,  281.93,  39.70  
12:00 13 Oct 2015,  72293,  -0.81,  -1.41,  -1.76,  183.60,  26.50,  48.40,  119.31,  -199.84,  332.27,  653.92,  6.87,  288.90,  41.39  
00:00 14 Oct 2015,  72293,  -2.58,  -2.30,  -2.81,  233.01,  37.10,  50.20,  941.93,  -173.02,  229.99,  727.92,  16.27,  290.67,  38.55  
12:00 14 Oct 2015,  72293,  0.26,  -2.25,  -2.89,  176.61,  36.50,  47.00,  994.23,  -187.33,  221.78,  711.99,  24.36,  292.28,  38.85  
00:00 15 Oct 2015,  72293,  -1.22,  -3.56,  -4.27,  196.00,  35.20,  49.80,  1224.34,  -195.98,  228.34,  712.35,  12.60,  290.22,  34.83  
12:00 15 Oct 2015,  72293,  -1.90,  -3.19,  -3.58,  215.79,  17.50,  50.20,  900.13,  -0.53,  241.13,  927.73,  15.03,  292.15,  36.43  
00:00 16 Oct 2015,  72293,  8.58,  -2.08,  -2.61,  40.02,  10.10,  34.40,  696.24,  -136.52,  258.70,  734.29,  10.37,  291.36,  29.94  
12:00 16 Oct 2015,  72293,  0.06,  -0.18,  -0.71,  170.41,  35.50,  46.40,  484.61,  0.00,  250.70,  965.54,  19.15,  292.07,  35.98  
00:00 17 Oct 2015,  72293,  0.52,  -0.54,  -1.08,  157.21,  28.10,  46.00,  463.33,  -2.56,  244.05,  879.76,  27.54,  291.86,  34.19  
12:00 17 Oct 2015,  72293,  1.18,  1.04,  0.49,  195.59,  26.80,  43.30,  234.08,  -0.18,  241.88,  927.13,  41.72,  291.74,  37.77  
00:00 18 Oct 2015,  72293,  0.67,  -0.99,  -1.63,  153.78,  20.30,  45.80,  996.33,  -65.75,  205.87,  767.19,  99.27,  291.20,  32.14  
12:00 18 Oct 2015,  72293,  -0.37,  -0.89,  -1.47,  212.21,  20.70,  46.20,  935.45,  0.00,  209.24,  953.45,  55.14,  291.58,  33.95  
00:00 19 Oct 2015,  72293,  0.95,  -1.66,  -2.22,  179.98,  -14.50,  46.20,  670.18,  -0.41,  246.98,  914.97,  34.74,  289.73,  26.41  
12:00 19 Oct 2015,  72293,  7.96,  3.32,  2.95,  86.81,  -23.20,  36.90,  25.88,  -0.84,  822.85,  925.98,  1.91,  287.10,  17.91  
00:00 20 Oct 2015,  72293,  2.11,  0.23,  0.16,  97.78,  18.80,  47.70,  3.49,  -2.67,  503.61,  861.63,  2.43,  283.51,  21.14  
12:00 20 Oct 2015,  72293,  0.58,  -1.33,  -1.48,  138.79,  33.30,  50.20,  277.85,  -5.18,  336.11,  900.39,  137.34,  286.70,  27.11  
00:00 21 Oct 2015,  72293,  2.55,  -1.67,  -1.99,  74.41,  31.00,  47.40,  438.28,  -71.24,  306.04,  776.72,  19.36,  285.39,  26.43  
12:00 21 Oct 2015,  72293,  4.56,  -0.42,  -0.75,  76.40,  22.90,  43.40,  299.99,  -99.74,  348.76,  778.62,  15.03,  287.78,  23.91  
00:00 22 Oct 2015,  72293,  7.18,  -1.16,  -1.72,  95.99,  18.10,  38.20,  508.43,  -52.43,  379.12,  797.12,  12.76,  289.11,  21.98  
12:00 22 Oct 2015,  72293,  7.19,  3.20,  2.80,  101.18,  19.90,  37.60,  35.58,  -128.91,  636.02,  772.90,  1.72,  287.86,  22.92  
00:00 23 Oct 2015,  72293,  6.93,  -3.29,  -3.62,  56.99,  -5.50,  39.00,  496.25,  -42.68,  262.48,  827.99,  30.56,  288.32,  19.82  
12:00 23 Oct 2015,  72293,  8.67,  3.47,  3.08,  46.99,  5.90,  35.40,  2.59,  -334.45,  576.90,  606.24,  0.17,  287.63,  19.46  
00:00 24 Oct 2015,  72293,  7.29,  5.49,  5.08,  75.01,  15.90,  36.80,  0.00,  0.00,  0.00,  282.34,  18.91  
12:00 24 Oct 2015,  72293,  9.21,  9.57,  9.32,  59.20,  -5.10,  33.60,  0.00,  0.00,  0.00,  276.54,  14.92  
00:00 25 Oct 2015,  72293,  11.23,  11.16,  11.06,  41.01,  -25.50,  29.20,  0.00,  0.00,  0.00,  273.46,  14.07  
12:00 25 Oct 2015,  72293,  9.06,  10.47,  10.52,  34.01,  5.90,  33.80,  0.00,  0.00,  0.00,  271.49,  17.43  
00:00 26 Oct 2015,  72293,  6.10,  1.89,  1.86,  39.01,  -1.10,  39.80,  0.00,  0.00,  0.00,  281.26,  19.01  
12:00 26 Oct 2015,  72293,  9.65,  8.91,  8.62,  30.98,  9.50,  32.80,  0.00,  0.00,  0.00,  277.52,  15.92  
00:00 27 Oct 2015,  72293,  7.83,  3.46,  3.13,  41.01,  -24.30,  35.60,  0.00,  0.00,  0.00,  280.00,  12.41  
12:00 27 Oct 2015,  72293,  9.32,  8.48,  8.18,  17.99,  -12.30,  33.20,  0.00,  0.00,  0.00,  279.38,  11.91  
00:00 28 Oct 2015,  72293,  12.11,  9.01,  8.84,  31.00,  -24.70,  26.20,  0.00,  0.00,  0.00,  273.63,  11.04  
12:00 28 Oct 2015,  72293,  10.21,  5.72,  5.71,  30.01,  -21.70,  25.60,  0.00,  0.00,  0.00,  277.60,  12.13  
00:00 29 Oct 2015,  72293,  3.84,  1.57,  1.53,  58.80,  21.70,  44.60,  17.16,  -460.24,  530.72,  575.30,  0.86,  281.64,  20.99  
12:00 29 Oct 2015,  72293,  2.02,  -2.65,  -3.16,  163.40,  9.10,  46.80,  653.30,  0.00,  362.44,  936.06,  8.28,  289.72,  24.66  
00:00 30 Oct 2015,  72293,  6.59,  6.72,  6.40,  164.99,  23.70,  38.40,  0.54,  -195.11,  644.34,  699.80,  0.01,  280.62,  18.96  
12:00 30 Oct 2015,  72293,  12.11,  10.58,  10.38,  92.99,  -10.70,  29.60,  0.00,  0.00,  0.00,  276.17,  11.32  
00:00 31 Oct 2015,  72293,  11.04,  10.60,  10.48,  73.99,  -18.70,  29.00,  0.00,  0.00,  0.00,  269.50,  9.69  
12:00 31 Oct 2015,  72293,  9.06,  12.05,  12.00,  60.00,  3.30,  33.20,  0.00,  0.00,  0.00,  266.11,  12.51
  
00:00 01 Nov 2015,  72293,  8.59,  11.60,  11.46,  33.00,  -0.10,  34.20,  0.00,  0.00,  0.00,  265.81,  10.94  
12:00 01 Nov 2015,  72293,  7.59,  12.06,  11.94,  35.00,  -2.30,  35.80,  0.00,  0.00,  0.00,  266.95,  10.13  
00:00 02 Nov 2015,  72293,  8.19,  11.59,  11.44,  58.02,  0.10,  34.60,  0.00,  0.00,  0.00,  267.23,  11.23  
12:00 02 Nov 2015,  72293,  8.43,  10.59,  10.45,  56.02,  -3.10,  34.40,  0.00,  0.00,  0.00,  275.29,  12.44  
00:00 03 Nov 2015,  72293,  5.55,  2.80,  2.50,  171.19,  10.40,  40.70,  9.11,  -2.50,  846.16,  891.67,  0.08,  285.37,  21.23  
12:00 03 Nov 2015,  72293,  6.74,  4.56,  4.40,  132.18,  -6.60,  41.50,  50.91,  -2.83,  732.82,  893.01,  0.88,  281.76,  16.71  
00:00 04 Nov 2015,  72293,  1.44,  -0.17,  -0.29,  162.99,  12.20,  52.90,  95.18,  -4.75,  490.33,  844.93,  10.55,  278.49,  14.60  
12:00 04 Nov 2015,  72293,  4.31,  3.10,  2.94,  99.00,  14.90,  47.60,  34.43,  -64.78,  525.79,  801.72,  0.31,  279.98,  15.25  
00:00 05 Nov 2015,  72293,  11.84,  7.64,  7.56,  98.00,  -24.50,  33.40,  17.28,  -5.75,  730.33,  829.04,  0.40,  277.58,  12.35  
12:00 05 Nov 2015,  72293,  18.25,  13.62,  13.54,  52.99,  -33.90,  19.00,  0.00,  0.00,  0.00,  276.63,  9.33  
00:00 06 Nov 2015,  72293,  14.55,  12.50,  12.58,  47.98,  -5.70,  25.80,  0.00,  0.00,  0.00,  273.36,  12.27  
12:00 06 Nov 2015,  72293,  14.52,  14.54,  14.55,  43.01,  -0.90,  24.60,  0.00,  0.00,  0.00,  268.83,  11.59  
00:00 07 Nov 2015,  72293,  13.34,  13.59,  13.49,  47.01,  0.10,  25.60,  0.00,  0.00,  0.00,  265.54,  7.99  
12:00 07 Nov 2015,  72293,  15.68,  16.08,  15.98,  11.99,  -23.30,  18.60,  0.00,  0.00,  0.00,  266.45,  6.28  
00:00 08 Nov 2015,  72293,  11.94,  13.69,  13.58,  36.01,  -18.10,  28.60,  0.00,  0.00,  0.00,  264.24,  7.71  
12:00 08 Nov 2015,  72293,  11.41,  14.48,  14.41,  29.00,  -28.10,  29.80,  0.00,  0.00,  0.00,  262.38,  7.52  
00:00 09 Nov 2015,  72293,  13.63,  8.54,  8.32,  49.01,  -19.10,  24.60,  0.00,  0.00,  0.00,  277.50,  9.89  
12:00 09 Nov 2015,  72293,  13.77,  3.93,  3.72,  68.01,  -15.90,  21.00,  4.27,  -2.82,  877.00,  918.27,  0.07,  284.64,  16.55  
00:00 10 Nov 2015,  72293,  5.57,  3.23,  2.98,  128.01,  -7.50,  42.40,  26.03,  -2.01,  751.03,  917.85,  0.52,  284.74,  18.60  
12:00 10 Nov 2015,  72293,  9.20,  6.18,  5.99,  135.80,  21.50,  37.70,  87.23,  -8.35,  689.19,  896.63,  0.68,  282.67,  18.19  
00:00 11 Nov 2015,  72293,  16.59,  11.51,  11.35,  116.03,  -10.70,  24.20,  62.30,  0.00,  659.32,  858.95,  1.05,  278.82,  11.28  
12:00 11 Nov 2015,  72293,  17.47,  14.39,  14.31,  57.98,  -33.90,  18.40,  0.00,  0.00,  0.00,  273.54,  6.30  
00:00 12 Nov 2015,  72293,  12.97,  8.74,  8.59,  44.00,  -26.30,  26.40,  0.00,  0.00,  0.00,  272.43,  6.56  
12:00 12 Nov 2015,  72293,  15.53,  19.02,  18.95,  44.02,  -49.90,  9.40,  0.00,  0.00,  0.00,  260.27,  2.99  
00:00 13 Nov 2015,  72293,  13.55,  12.10,  11.97,  28.98,  -43.30,  18.80,  0.00,  0.00,  0.00,  268.39,  4.68  
12:00 13 Nov 2015,  72293,  13.57,  16.00,  15.91,  26.01,  -48.90,  12.80,  0.00,  0.00,  0.00,  256.24,  2.58  
00:00 14 Nov 2015,  72293,  10.98,  12.93,  12.81,  33.99,  -26.50,  28.20,  0.00,  0.00,  0.00,  258.34,  4.12  
12:00 14 Nov 2015,  72293,  11.43,  14.07,  13.97,  21.99,  -27.90,  29.00,  0.00,  0.00,  0.00,  260.93,  4.35  
00:00 15 Nov 2015,  72293,  11.23,  11.64,  11.54,  38.99,  -19.50,  29.40,  0.00,  0.00,  0.00,  263.83,  4.96  
12:00 15 Nov 2015,  72293,  13.70,  4.39,  4.16,  175.36,  -7.10,  20.40,  0.00,  0.00,  0.00,  282.37,  15.11  
00:00 16 Nov 2015,  72293,  8.05,  4.32,  4.08,  123.22,  22.20,  39.20,  85.46,  0.00,  656.13,  911.28,  1.08,  282.91,  18.76  
12:00 16 Nov 2015,  72293,  8.43,  5.33,  5.21,  157.98,  7.70,  41.80,  227.67,  -7.59,  535.77,  844.20,  3.64,  275.13,  10.14  
00:00 17 Nov 2015,  72293,  17.94,  17.19,  17.16,  122.01,  -31.70,  20.60,  0.00,  0.00,  0.00,  267.72,  7.12  
12:00 17 Nov 2015,  72293,  20.18,  21.35,  21.32,  61.99,  -25.90,  9.00,  0.00,  0.00,  0.00,  265.32,  6.18  
00:00 18 Nov 2015,  72293,  16.60,  19.46,  19.46,  55.98,  -10.50,  17.80,  0.00,  0.00,  0.00,  265.99,  9.46  
12:00 18 Nov 2015,  72293,  13.81,  18.69,  18.58,  57.98,  -6.50,  25.60,  0.00,  0.00,  0.00,  265.92,  9.60  
00:00 19 Nov 2015,  72293,  17.15,  16.93,  16.85,  35.99,  -18.70,  14.20,  0.00,  0.00,  0.00,  269.60,  8.54  
12:00 19 Nov 2015,  72293,  15.17,  16.41,  16.34,  10.98,  -9.50,  19.60,  0.00,  0.00,  0.00,  268.08,  9.95  
00:00 20 Nov 2015,  72293,  13.11,  15.53,  15.42,  30.98,  -8.70,  24.20,  0.00,  0.00,  0.00,  263.16,  7.62  
12:00 20 Nov 2015,  72293,  12.70,  15.16,  15.01,  23.00,  -30.70,  25.00,  0.00,  0.00,  0.00,  265.32,  6.87  
00:00 21 Nov 2015,  72293,  10.22,  11.69,  11.49,  38.00,  -11.70,  30.60,  0.00,  0.00,  0.00,  268.17,  8.58  
12:00 21 Nov 2015,  72293,  10.29,  11.37,  11.19,  23.99,  -19.70,  31.00,  0.00,  0.00,  0.00,  270.35,  10.34  
00:00 22 Nov 2015,  72293,  8.04,  8.82,  8.63,  32.01,  -1.10,  35.80,  0.00,  0.00,  0.00,  268.02,  10.76  
12:00 22 Nov 2015,  72293,  10.77,  13.67,  13.52,  28.01,  0.10,  30.40,  0.00,  0.00,  0.00,  263.20,  9.92  
00:00 23 Nov 2015,  72293,  10.04,  9.94,  9.82,  32.48,  -5.70,  31.00,  0.00,  0.00,  0.00,  264.30,  8.47  
12:00 23 Nov 2015,  72293,  8.81,  12.50,  12.44,  27.00,  -8.70,  34.40,  0.00,  0.00,  0.00,  262.76,  8.72  
00:00 24 Nov 2015,  72293,  10.03,  9.47,  9.32,  56.99,  -6.30,  32.00,  0.00,  0.00,  0.00,  271.10,  10.06  
12:00 24 Nov 2015,  72293,  12.84,  14.37,  14.25,  56.00,  -26.10,  28.00,  0.00,  0.00,  0.00,  273.26,  8.91  
00:00 25 Nov 2015,  72293,  14.82,  6.48,  6.31,  162.85,  -20.30,  20.80,  0.00,  0.00,  0.00,  283.82,  12.61  
12:00 25 Nov 2015,  72293,  9.88,  8.41,  8.43,  149.62,  -0.40,  34.70,  12.55,  -1.24,  774.19,  916.41,  0.10,  284.12,  20.69  
00:00 26 Nov 2015,  72293,  12.55,  10.66,  10.52,  108.82,  -18.00,  32.30,  21.95,  -0.76,  793.63,  877.93,  0.31,  278.23,  12.01  
12:00 26 Nov 2015,  72293,  12.36,  11.71,  11.60,  94.42,  -19.30,  33.40,  3.70,  -15.73,  807.72,  841.14,  0.04,  276.33,  11.78  
00:00 27 Nov 2015,  72293,  7.83,  5.94,  5.84,  88.00,  -3.70,  43.00,  0.00,  0.00,  0.00,  271.79,  9.56  
12:00 27 Nov 2015,  72293,  6.63,  5.35,  5.22,  175.97,  8.50,  45.00,  25.05,  -10.76,  717.33,  884.72,  0.25,  279.76,  15.24  
00:00 28 Nov 2015,  72293,  11.89,  9.91,  9.79,  99.89,  6.60,  34.30,  61.19,  -13.60,  660.08,  837.13,  0.94,  276.51,  13.21  
12:00 28 Nov 2015,  72293,  12.00,  11.01,  10.92,  56.00,  -19.40,  34.30,  2.63,  -37.75,  763.80,  805.99,  0.03,  276.34,  11.95  
00:00 29 Nov 2015,  72293,  9.44,  8.56,  8.65,  66.98,  0.60,  38.50,  0.00,  0.00,  0.00,  274.38,  14.73  
12:00 29 Nov 2015,  72293,  10.68,  6.77,  6.75,  55.01,  8.10,  36.00,  0.00,  0.00,  0.00,  277.09,  13.02  
00:00 30 Nov 2015,  72293,  12.37,  10.00,  9.86,  68.98,  -14.70,  32.40,  0.00,  0.00,  0.00,  276.60,  10.16  
12:00 30 Nov 2015,  72293,  16.13,  15.30,  15.24,  45.98,  -42.50,  17.00,  0.00,  0.00,  0.00,  269.23,  6.13
  
00:00 01 Dec 2015,  72293,  13.89,  8.85,  8.79,  37.00,  -18.70,  13.60,  0.00,  0.00,  0.00,  273.07,  7.12  
12:00 01 Dec 2015,  72293,  13.56,  14.13,  14.06,  80.01,  -11.30,  20.80,  0.00,  0.00,  0.00,  271.32,  8.32  
00:00 02 Dec 2015,  72293,  9.84,  8.84,  8.83,  40.99,  -29.90,  34.20,  0.00,  0.00,  0.00,  274.94,  9.07  
12:00 02 Dec 2015,  72293,  14.12,  18.46,  18.41,  18.98,  -23.30,  23.20,  0.00,  0.00,  0.00,  260.29,  6.17  
00:00 03 Dec 2015,  72293,  13.95,  12.78,  12.64,  22.98,  -9.90,  20.80,  0.00,  0.00,  0.00,  264.52,  9.46  
12:00 03 Dec 2015,  72293,  14.10,  17.39,  17.33,  28.98,  -14.70,  20.40,  0.00,  0.00,  0.00,  254.61,  8.38  
00:00 04 Dec 2015,  72293,  12.50,  13.10,  13.10,  45.98,  -19.70,  22.40,  0.00,  0.00,  0.00,  264.13,  9.27  
12:00 04 Dec 2015,  72293,  14.18,  10.78,  10.71,  71.02,  -26.70,  11.20,  0.00,  0.00,  0.00,  276.36,  10.02  
00:00 05 Dec 2015,  72293,  6.09,  3.32,  3.29,  80.19,  -5.70,  42.40,  0.00,  0.00,  0.00,  282.92,  17.31  
12:00 05 Dec 2015,  72293,  12.93,  7.97,  7.83,  54.00,  -44.30,  14.40,  0.00,  0.00,  0.00,  280.66,  7.74  
00:00 06 Dec 2015,  72293,  11.72,  8.73,  8.58,  38.99,  -40.50,  22.20,  0.00,  0.00,  0.00,  271.05,  6.72  
12:00 06 Dec 2015,  72293,  10.43,  15.85,  15.77,  23.00,  -11.70,  29.40,  0.00,  0.00,  0.00,  255.18,  5.64  
00:00 07 Dec 2015,  72293,  9.85,  14.41,  14.31,  33.00,  -4.90,  29.80,  0.00,  0.00,  0.00,  260.89,  7.25  
12:00 07 Dec 2015,  72293,  9.44,  15.12,  15.01,  17.99,  -6.90,  32.20,  0.00,  0.00,  0.00,  261.90,  7.75  
00:00 08 Dec 2015,  72293,  9.78,  12.75,  12.67,  30.98,  0.90,  31.20,  0.00,  0.00,  0.00,  264.79,  9.74  
12:00 08 Dec 2015,  72293,  8.67,  13.60,  13.67,  23.99,  5.30,  34.00,  0.00,  0.00,  0.00,  265.27,  13.22  
00:00 09 Dec 2015,  72293,  10.78,  14.78,  14.82,  37.00,  -2.70,  29.20,  0.00,  0.00,  0.00,  263.48,  13.04  
12:00 09 Dec 2015,  72293,  11.03,  14.68,  14.57,  25.99,  0.10,  29.00,  0.00,  0.00,  0.00,  267.22,  12.13  
00:00 10 Dec 2015,  72293,  9.16,  11.35,  11.17,  38.99,  -13.50,  33.60,  0.00,  0.00,  0.00,  271.82,  9.56  
12:00 10 Dec 2015,  72293,  13.68,  11.71,  11.54,  56.99,  -17.90,  20.20,  0.00,  0.00,  0.00,  280.75,  10.88  
00:00 11 Dec 2015,  72293,  12.26,  7.46,  7.29,  94.00,  -5.10,  28.20,  0.00,  0.00,  0.00,  285.06,  15.92  
12:00 11 Dec 2015,  72293,  8.92,  6.25,  6.12,  191.40,  -1.20,  35.90,  86.87,  -0.88,  750.07,  923.82,  0.85,  284.94,  22.89  
00:00 12 Dec 2015,  72293,  4.84,  0.90,  0.75,  118.98,  12.30,  48.20,  185.97,  -1.21,  507.54,  864.49,  22.58,  277.55,  11.80  
12:00 12 Dec 2015,  72293,  3.10,  3.60,  3.55,  119.99,  5.50,  51.60,  0.00,  0.00,  0.00,  269.85,  8.95  
00:00 13 Dec 2015,  72293,  15.24,  12.98,  12.92,  110.02,  -18.90,  26.20,  0.00,  0.00,  0.00,  272.92,  8.80  
12:00 13 Dec 2015,  72293,  15.45,  12.38,  12.28,  55.98,  -12.50,  20.40,  0.00,  0.00,  0.00,  276.84,  12.52  
00:00 14 Dec 2015,  72293,  8.68,  6.88,  6.71,  93.59,  8.90,  38.20,  6.19,  -0.53,  880.15,  882.35,  0.11,  280.03,  17.37  
12:00 14 Dec 2015,  72293,  13.51,  11.88,  11.80,  140.99,  0.90,  31.80,  39.86,  -4.91,  672.67,  863.19,  0.39,  275.59,  10.66  
00:00 15 Dec 2015,  72293,  13.98,  13.57,  13.49,  121.01,  -10.00,  31.70,  0.00,  0.00,  0.00,  268.76,  7.81  
12:00 15 Dec 2015,  72293,  14.92,  13.60,  13.54,  73.99,  -17.90,  26.20,  0.00,  0.00,  0.00,  270.50,  6.19  
00:00 16 Dec 2015,  72293,  14.25,  10.41,  10.34,  54.99,  -19.70,  26.00,  0.00,  0.00,  0.00,  268.05,  5.26  
12:00 16 Dec 2015,  72293,  15.58,  17.62,  17.59,  74.01,  -18.50,  25.80,  0.00,  0.00,  0.00,  260.27,  4.82  
00:00 17 Dec 2015,  72293,  13.98,  12.44,  12.41,  47.01,  -31.10,  27.00,  0.00,  0.00,  0.00,  267.44,  6.17  
12:00 17 Dec 2015,  72293,  16.74,  18.74,  18.77,  50.99,  -37.30,  17.00,  0.00,  0.00,  0.00,  264.18,  6.88  
00:00 18 Dec 2015,  72293,  15.09,  17.23,  17.21,  29.92,  -1.10,  22.60,  0.00,  0.00,  0.00,  263.67,  10.69  
12:00 18 Dec 2015,  72293,  12.22,  18.76,  18.69,  36.99,  -13.30,  29.80,  0.00,  0.00,  0.00,  265.01,  8.45  
00:00 19 Dec 2015,  72293,  7.94,  12.46,  12.36,  55.98,  -2.50,  37.80,  0.00,  0.00,  0.00,  268.41,  8.41  
12:00 19 Dec 2015,  72293,  7.67,  9.03,  8.88,  66.01,  -13.90,  38.60,  0.00,  0.00,  0.00,  278.22,  10.53  
00:00 20 Dec 2015,  72293,  7.08,  5.54,  5.42,  109.01,  3.70,  41.40,  20.73,  -0.44,  825.12,  908.26,  0.86,  281.55,  16.30  
12:00 20 Dec 2015,  72293,  12.83,  11.79,  11.71,  93.19,  -31.60,  32.50,  39.40,  -4.35,  765.91,  883.71,  1.04,  277.40,  13.42  
00:00 21 Dec 2015,  72293,  19.77,  13.42,  13.60,  58.97,  -17.30,  10.00,  0.00,  0.00,  0.00,  275.29,  14.75  
12:00 21 Dec 2015,  72293,  11.95,  14.51,  14.42,  59.01,  -14.10,  32.20,  0.00,  0.00,  0.00,  276.28,  13.83  
00:00 22 Dec 2015,  72293,  10.66,  13.22,  13.23,  96.81,  15.30,  33.80,  0.00,  0.00,  0.00,  277.43,  19.26  
12:00 22 Dec 2015,  72293,  13.52,  11.61,  11.59,  117.60,  17.20,  27.80,  0.01,  -3.91,  867.67,  879.22,  0.00,  284.76,  29.33  
00:00 23 Dec 2015,  72293,  9.07,  8.63,  8.50,  201.99,  19.80,  33.70,  7.25,  -0.33,  841.14,  926.98,  0.09,  286.04,  27.97  
12:00 23 Dec 2015,  72293,  9.88,  9.53,  9.53,  154.98,  6.90,  33.80,  8.71,  -0.09,  835.50,  931.02,  0.16,  283.90,  19.42  
00:00 24 Dec 2015,  72293,  12.93,  11.00,  10.91,  126.98,  1.90,  29.60,  21.21,  0.00,  832.61,  920.52,  0.16,  282.04,  16.99  
12:00 24 Dec 2015,  72293,  12.80,  11.55,  11.42,  114.19,  4.40,  30.90,  0.32,  -17.83,  848.00,  859.01,  0.00,  280.18,  14.76  
00:00 25 Dec 2015,  72293,  12.89,  5.01,  4.83,  72.01,  -21.10,  29.00,  6.99,  0.00,  862.29,  915.08,  0.13,  280.90,  11.22  
12:00 25 Dec 2015,  72293,  12.36,  10.23,  10.13,  123.02,  -20.10,  33.80,  37.18,  -11.11,  736.47,  855.01,  0.36,  277.65,  11.99  
00:00 26 Dec 2015,  72293,  18.02,  13.26,  13.18,  127.00,  -19.10,  19.60,  0.00,  0.00,  0.00,  271.09,  6.89  
12:00 26 Dec 2015,  72293,  22.02,  22.95,  22.90,  159.01,  -21.10,  11.60,  0.00,  0.00,  0.00,  264.53,  4.63  
00:00 27 Dec 2015,  72293,  23.64,  22.56,  22.51,  95.01,  -50.10,  6.00,  0.00,  0.00,  0.00,  256.89,  3.51  
12:00 27 Dec 2015,  72293,  22.96,  25.44,  25.47,  80.01,  -59.10,  2.60,  0.00,  0.00,  0.00,  248.02,  2.42  
00:00 28 Dec 2015,  72293,  19.01,  19.45,  19.49,  29.99,  -33.90,  11.60,  0.00,  0.00,  0.00,  261.76,  6.37  
12:00 28 Dec 2015,  72293,  14.09,  16.07,  16.01,  69.00,  -13.90,  31.40,  0.00,  0.00,  0.00,  270.45,  9.28  
00:00 29 Dec 2015,  72293,  7.15,  7.40,  7.32,  92.62,  21.40,  43.70,  3.27,  0.00,  872.40,  890.45,  0.05,  276.53,  15.19  
12:00 29 Dec 2015,  72293,  19.87,  19.60,  19.56,  117.00,  -7.50,  19.60,  0.00,  0.00,  0.00,  270.79,  8.35  
00:00 30 Dec 2015,  72293,  17.65,  15.87,  15.84,  57.98,  -42.30,  21.40,  0.00,  0.00,  0.00,  269.88,  8.10  
12:00 30 Dec 2015,  72293,  17.22,  15.75,  15.73,  50.00,  -33.70,  21.40,  0.00,  0.00,  0.00,  272.55,  8.25  
00:00 31 Dec 2015,  72293,  15.13,  14.59,  14.53,  44.99,  -26.90,  24.80,  0.00,  0.00,  0.00,  270.24,  6.64  
12:00 31 Dec 2015,  72293,  15.00,  15.09,  15.08,  40.99,  -31.70,  26.00,  0.00,  0.00,  0.00,  271.44,  7.79
