12:00 01 Jan 2015,  72293,  17.05,  16.37,  16.37,  71.99,  -18.30,  23.20,  0.00,  0.00,  0.00,  267.27,  6.56  
12:00 02 Jan 2015,  72293,  14.62,  15.52,  15.50,  68.01,  -13.10,  25.20,  0.00,  0.00,  0.00,  269.05,  6.89  
12:00 03 Jan 2015,  72293,  14.35,  11.73,  11.68,  41.98,  -8.10,  23.60,  0.00,  0.00,  0.00,  277.98,  11.55  
12:00 04 Jan 2015,  72293,  11.36,  12.07,  12.04,  26.98,  -5.10,  29.60,  0.00,  0.00,  0.00,  276.48,  10.66  
12:00 05 Jan 2015,  72293,  13.75,  16.97,  16.87,  27.97,  -11.50,  21.80,  0.00,  0.00,  0.00,  266.99,  9.59  
12:00 06 Jan 2015,  72293,  12.52,  16.79,  16.68,  60.00,  -8.10,  24.00,  0.00,  0.00,  0.00,  258.57,  6.88  
12:00 07 Jan 2015,  72293,  12.76,  14.76,  14.62,  39.01,  -33.30,  18.80,  0.00,  0.00,  0.00,  264.23,  4.25  
12:00 08 Jan 2015,  72293,  8.84,  14.51,  14.73,  20.01,  -2.10,  35.40,  0.00,  0.00,  0.00,  265.19,  15.91  
12:00 09 Jan 2015,  72293,  10.50,  12.54,  12.80,  10.00,  10.40,  29.60,  0.00,  0.00,  0.00,  268.20,  18.25  
12:00 10 Jan 2015,  72293,  8.00,  8.17,  8.07,  39.01,  2.50,  38.60,  0.00,  0.00,  0.00,  275.70,  14.33  
12:00 11 Jan 2015,  72293,  1.22,  3.27,  3.10,  149.20,  32.30,  48.90,  0.00,  0.00,  0.00,  283.88,  27.53  
12:00 12 Jan 2015,  72293,  2.95,  2.28,  2.05,  109.40,  25.80,  46.90,  31.49,  0.00,  733.58,  965.81,  2.71,  286.09,  24.82  
12:00 13 Jan 2015,  72293,  9.70,  6.76,  6.61,  53.81,  6.90,  36.00,  16.35,  -0.57,  857.12,  930.80,  0.38,  284.08,  19.91  
12:00 14 Jan 2015,  72293,  10.47,  14.79,  14.70,  76.01,  -3.70,  34.80,  0.00,  0.00,  0.00,  266.44,  9.26  
12:00 15 Jan 2015,  72293,  12.92,  14.27,  14.18,  18.98,  -15.30,  29.20,  0.00,  0.00,  0.00,  269.34,  8.59  
12:00 16 Jan 2015,  72293,  12.22,  13.03,  12.93,  20.98,  -33.30,  22.80,  0.00,  0.00,  0.00,  268.51,  5.39  
12:00 17 Jan 2015,  72293,  13.41,  13.78,  13.75,  21.99,  -4.10,  22.80,  0.00,  0.00,  0.00,  269.45,  12.36  
12:00 18 Jan 2015,  72293,  13.49,  11.16,  11.10,  15.00,  -19.30,  14.80,  0.00,  0.00,  0.00,  273.25,  10.34  
12:00 19 Jan 2015,  72293,  7.70,  10.50,  10.41,  32.98,  5.10,  36.00,  0.00,  0.00,  0.00,  272.71,  11.64  
12:00 20 Jan 2015,  72293,  9.11,  7.38,  7.32,  41.01,  -10.10,  30.20,  0.00,  0.00,  0.00,  281.24,  12.48  
12:00 21 Jan 2015,  72293,  1.61,  2.50,  2.36,  73.01,  13.30,  50.40,  0.67,  0.00,  924.17,  940.89,  0.02,  282.18,  14.69  
12:00 22 Jan 2015,  72293,  14.21,  15.11,  15.02,  60.00,  -42.90,  16.80,  0.00,  0.00,  0.00,  257.17,  3.31  
12:00 23 Jan 2015,  72293,  10.15,  14.01,  14.16,  39.01,  -21.50,  27.00,  0.00,  0.00,  0.00,  251.42,  7.18  
12:00 24 Jan 2015,  72293,  8.37,  10.64,  10.57,  88.00,  -10.50,  34.20,  0.00,  0.00,  0.00,  256.47,  5.32  
12:00 25 Jan 2015,  72293,  10.21,  12.01,  12.03,  105.01,  -10.50,  30.60,  0.00,  0.00,  0.00,  259.97,  6.96  
12:00 26 Jan 2015,  72293,  9.56,  11.94,  12.19,  69.99,  10.70,  33.80,  0.00,  0.00,  0.00,  263.87,  17.23  
12:00 27 Jan 2015,  72293,  3.77,  2.79,  2.66,  77.39,  15.70,  47.00,  0.00,  0.00,  0.00,  281.06,  19.91  
12:00 28 Jan 2015,  72293,  11.51,  5.89,  5.81,  45.01,  -22.70,  28.40,  0.00,  0.00,  0.00,  280.37,  14.78  
12:00 29 Jan 2015,  72293,  9.43,  6.92,  7.07,  30.98,  -0.90,  34.20,  0.00,  0.00,  0.00,  276.43,  17.41  
12:00 30 Jan 2015,  72293,  4.65,  3.82,  3.75,  48.01,  27.70,  45.40,  3.71,  -104.63,  717.13,  764.59,  0.18,  279.96,  22.56  
12:00 31 Jan 2015,  72293,  2.50,  0.74,  0.69,  81.40,  29.50,  49.50,  108.17,  -4.59,  546.83,  888.03,  5.75,  284.76,  24.44
12:00 02 Feb 2015,  72293,  10.68,  7.84,  7.83,  26.01,  -13.30,  23.60,  0.00,  0.00,  0.00,  274.53,  11.18  
12:00 03 Feb 2015,  72293,  9.08,  8.73,  8.69,  49.01,  -12.70,  26.60,  0.00,  0.00,  0.00,  276.64,  9.96  
12:00 04 Feb 2015,  72293,  7.44,  11.12,  11.06,  47.01,  -3.70,  36.20,  0.00,  0.00,  0.00,  278.06,  10.80  
12:00 05 Feb 2015,  72293,  9.16,  8.99,  8.84,  19.00,  -15.70,  32.40,  0.00,  0.00,  0.00,  280.86,  10.66  
12:00 06 Feb 2015,  72293,  13.59,  11.82,  11.69,  51.01,  -27.90,  23.00,  0.00,  0.00,  0.00,  279.05,  9.49  
12:00 08 Feb 2015,  72293,  4.44,  7.73,  7.43,  170.81,  24.20,  40.70,  0.00,  0.00,  0.00,  285.41,  22.53  
12:00 09 Feb 2015,  72293,  1.77,  2.55,  2.25,  143.60,  15.50,  47.40,  0.00,  0.00,  0.00,  286.54,  20.85  
12:00 10 Feb 2015,  72293,  11.33,  8.11,  8.00,  49.01,  -31.05,  13.05,  0.00,  0.00,  0.00,  279.37,  8.90  
12:00 11 Feb 2015,  72293,  12.31,  10.38,  10.19,  33.99,  20.20,  0.00,  0.00,  0.00,  269.67,  6.69  
12:00 12 Feb 2015,  72293,  12.97,  14.01,  13.86,  18.98,  22.80,  0.00,  0.00,  0.00,  260.86,  4.21  
12:00 13 Feb 2015,  72293,  11.43,  12.69,  12.70,  54.99,  -30.37,  28.20,  0.00,  0.00,  0.00,  263.37,  8.16  
12:00 14 Feb 2015,  72293,  9.66,  10.68,  10.54,  52.00,  4.50,  33.00,  0.00,  0.00,  0.00,  267.48,  10.51  
12:00 15 Feb 2015,  72293,  6.81,  9.66,  9.60,  42.00,  10.10,  39.40,  0.00,  0.00,  0.00,  269.97,  15.30  
12:00 16 Feb 2015,  72293,  7.38,  9.83,  9.67,  26.01,  1.90,  37.40,  0.00,  0.00,  0.00,  279.10,  11.96  
12:00 17 Feb 2015,  72293,  9.26,  8.64,  8.50,  44.02,  -7.10,  34.20,  1.10,  0.00,  927.23,  954.25,  0.06,  284.06,  15.60  
12:00 18 Feb 2015,  72293,  11.24,  8.48,  8.31,  16.01,  -15.10,  28.60,  0.00,  0.00,  0.00,  284.89,  13.69  
12:00 20 Feb 2015,  72293,  10.52,  6.58,  6.46,  41.98,  -27.90,  29.60,  0.85,  0.00,  922.62,  946.85,  0.04,  284.71,  14.13  
12:00 21 Feb 2015,  72293,  13.74,  9.65,  9.49,  18.98,  -33.10,  19.00,  2.21,  -0.01,  879.47,  905.00,  0.13,  280.66,  11.43  
12:00 22 Feb 2015,  72293,  9.18,  8.44,  8.42,  90.19,  -2.50,  37.40,  10.35,  -5.40,  803.96,  886.67,  0.27,  280.36,  16.63  
12:00 23 Feb 2015,  72293,  8.77,  5.54,  5.38,  236.69,  -23.00,  39.50,  96.14,  -3.21,  728.08,  901.68,  0.85,  281.95,  13.60  
12:00 24 Feb 2015,  72293,  11.72,  8.35,  8.22,  126.01,  -5.30,  35.00,  10.93,  -22.95,  610.98,  854.83,  0.21,  277.97,  11.41  
12:00 25 Feb 2015,  72293,  15.01,  13.48,  13.37,  56.99,  -11.90,  23.20,  0.00,  0.00,  0.00,  274.90,  10.12  
12:00 26 Feb 2015,  72293,  10.06,  13.33,  13.33,  48.00,  -3.90,  33.00,  0.00,  0.00,  0.00,  272.78,  10.67  
12:00 27 Feb 2015,  72293,  8.16,  7.76,  7.70,  86.79,  8.10,  38.40,  2.31,  -0.91,  886.97,  918.67,  0.02,  282.79,  16.58  
12:00 28 Feb 2015,  72293,  10.15,  9.28,  9.27,  147.79,  15.60,  35.30,  27.42,  -3.75,  789.63,  899.62,  0.34,  281.36,  19.43
12:00 01 Mar 2015,  72293,  7.66,  4.51,  4.57,  102.02,  19.80,  41.70,  111.66,  -3.74,  616.14,  887.93,  0.94,  282.04,  21.66  
12:00 02 Mar 2015,  72293,  3.46,  3.40,  3.28,  155.01,  20.30,  50.40,  23.70,  -8.01,  629.68,  846.31,  0.22,  280.03,  16.45  
12:00 03 Mar 2015,  72293,  2.08,  1.87,  1.85,  125.78,  21.10,  53.80,  0.00,  0.00,  0.00,  276.83,  15.30  
12:00 04 Mar 2015,  72293,  4.24,  3.83,  3.72,  44.99,  13.50,  48.00,  0.00,  0.00,  0.00,  277.19,  12.35  
12:00 05 Mar 2015,  72293,  9.57,  9.26,  9.17,  12.98,  -18.70,  33.20,  0.00,  0.00,  0.00,  266.95,  5.32  
12:00 06 Mar 2015,  72293,  8.65,  9.62,  9.53,  33.97,  -29.30,  27.40,  0.00,  0.00,  0.00,  263.20,  3.51  
12:00 07 Mar 2015,  72293,  6.53,  9.19,  9.08,  45.01,  -1.10,  38.40,  0.00,  0.00,  0.00,  258.93,  6.66  
12:00 08 Mar 2015,  72293,  8.13,  10.32,  10.25,  61.01,  -9.90,  35.20,  0.00,  0.00,  0.00,  264.74,  7.66  
12:00 09 Mar 2015,  72293,  11.36,  6.71,  6.53,  48.00,  -44.10,  20.40,  0.00,  0.00,  0.00,  282.09,  7.29  
12:00 10 Mar 2015,  72293,  7.77,  7.26,  7.06,  33.00,  -18.30,  36.20,  0.00,  0.00,  0.00,  278.98,  11.16  
12:00 11 Mar 2015,  72293,  11.25,  12.41,  12.53,  27.99,  -28.90,  29.80,  0.00,  0.00,  0.00,  269.54,  11.85  
12:00 12 Mar 2015,  72293,  8.72,  8.28,  8.08,  57.01,  15.90,  36.40,  0.00,  0.00,  0.00,  273.70,  15.21  
12:00 13 Mar 2015,  72293,  6.83,  7.63,  7.42,  77.02,  8.10,  39.20,  0.00,  0.00,  0.00,  270.41,  12.70  
12:00 14 Mar 2015,  72293,  10.19,  12.21,  12.19,  69.02,  5.10,  32.00,  0.00,  0.00,  0.00,  267.80,  13.59  
12:00 15 Mar 2015,  72293,  11.64,  12.39,  12.39,  39.01,  1.30,  28.80,  0.00,  0.00,  0.00,  268.85,  14.01  
12:00 16 Mar 2015,  72293,  11.96,  12.56,  12.52,  24.01,  -9.50,  28.20,  0.00,  0.00,  0.00,  266.63,  11.11  
12:00 17 Mar 2015,  72293,  12.43,  14.00,  13.90,  12.00,  6.30,  27.20,  0.00,  0.00,  0.00,  267.20,  11.88  
12:00 18 Mar 2015,  72293,  2.49,  -1.84,  -1.91,  34.41,  21.50,  48.60,  204.67,  0.00,  443.74,  957.93,  18.74,  287.15,  22.86  
12:00 19 Mar 2015,  72293,  4.53,  0.78,  0.68,  24.98,  22.30,  45.20,  41.35,  -0.01,  524.13,  940.01,  5.54,  285.04,  23.37  
12:00 20 Mar 2015,  72293,  2.06,  -0.03,  -0.30,  65.00,  9.70,  49.00,  29.36,  0.00,  495.35,  963.89,  0.69,  286.35,  16.00  
12:00 21 Mar 2015,  72293,  9.55,  3.06,  2.78,  35.00,  -19.50,  29.60,  0.00,  0.00,  0.00,  285.82,  11.18  
12:00 22 Mar 2015,  72293,  12.53,  7.43,  7.35,  48.99,  -14.50,  24.40,  0.04,  0.00,  940.16,  952.76,  0.00,  283.94,  13.43  
12:00 23 Mar 2015,  72293,  15.32,  6.66,  6.46,  70.01,  -28.70,  10.60,  1.72,  -3.67,  889.82,  919.30,  0.03,  283.58,  11.55  
12:00 24 Mar 2015,  72293,  8.60,  7.11,  6.93,  84.01,  -9.90,  36.20,  0.00,  0.00,  0.00,  283.33,  14.85  
12:00 25 Mar 2015,  72293,  6.76,  6.73,  6.79,  38.99,  8.50,  39.80,  0.00,  0.00,  0.00,  281.48,  19.43  
12:00 26 Mar 2015,  72293,  8.55,  8.15,  7.99,  40.99,  -10.50,  34.60,  0.00,  0.00,  0.00,  270.95,  9.16  
12:00 27 Mar 2015,  72293,  6.47,  8.43,  8.33,  10.00,  -6.10,  38.80,  0.00,  0.00,  0.00,  270.05,  10.82  
12:00 28 Mar 2015,  72293,  6.52,  6.88,  6.66,  17.99,  -8.50,  39.00,  0.00,  0.00,  0.00,  278.01,  9.93  
12:00 29 Mar 2015,  72293,  9.06,  4.98,  4.75,  17.00,  -20.50,  32.20,  0.00,  0.00,  0.00,  282.31,  10.96  
12:00 30 Mar 2015,  72293,  8.17,  5.88,  5.70,  10.98,  -16.50,  33.60,  0.00,  0.00,  0.00,  280.18,  9.91  
12:00 31 Mar 2015,  72293,  11.43,  7.56,  7.38,  27.00,  -8.30,  26.00,  0.00,  0.00,  0.00,  281.44,  11.02
12:00 01 Apr 2015,  72293,  7.28,  7.48,  7.28,  56.00,  -17.70,  39.00,  2.27,  0.00,  917.12,  941.27,  0.05,  283.38,  10.85  
12:00 02 Apr 2015,  72293,  14.86,  6.69,  6.64,  95.01,  -47.50,  4.80,  4.93,  -0.58,  891.62,  928.77,  0.05,  284.08,  12.62  
12:00 03 Apr 2015,  72293,  10.82,  5.85,  5.67,  58.99,  -27.70,  29.40,  0.00,  0.00,  0.00,  281.76,  10.59  
12:00 04 Apr 2015,  72293,  9.08,  11.78,  11.67,  45.01,  -17.50,  34.00,  0.00,  0.00,  0.00,  260.49,  7.23  
12:00 05 Apr 2015,  72293,  12.44,  4.19,  3.95,  55.98,  -25.70,  27.00,  4.96,  0.00,  906.96,  947.23,  0.14,  285.17,  11.37  
12:00 06 Apr 2015,  72293,  9.84,  6.67,  6.52,  100.01,  -20.90,  37.00,  23.15,  -1.73,  822.36,  918.59,  0.24,  281.94,  13.38  
12:00 07 Apr 2015,  72293,  14.05,  13.54,  13.49,  88.58,  -4.00,  30.10,  0.39,  -14.01,  802.11,  823.98,  0.00,  276.20,  13.43  
12:00 08 Apr 2015,  72293,  10.41,  8.33,  8.23,  106.01,  -14.40,  36.10,  83.18,  -0.22,  774.92,  932.16,  0.94,  281.50,  14.65  
12:00 09 Apr 2015,  72293,  12.35,  9.81,  9.69,  47.01,  -15.50,  29.20,  0.00,  0.00,  0.00,  279.27,  11.66  
12:00 10 Apr 2015,  72293,  15.03,  5.95,  5.91,  33.97,  -35.30,  2.80,  11.00,  0.00,  894.09,  948.65,  0.41,  283.47,  12.23  
12:00 11 Apr 2015,  72293,  11.24,  5.18,  5.20,  26.98,  -24.30,  10.80,  0.00,  0.00,  0.00,  279.42,  11.81  
12:00 12 Apr 2015,  72293,  9.30,  7.22,  7.10,  49.01,  2.50,  33.60,  0.00,  0.00,  0.00,  281.35,  16.28  
12:00 13 Apr 2015,  72293,  7.19,  4.81,  4.60,  16.98,  -3.70,  37.60,  0.00,  0.00,  0.00,  285.33,  16.11  
12:00 14 Apr 2015,  72293,  8.65,  5.53,  5.32,  48.02,  -5.50,  34.80,  2.01,  0.00,  918.89,  945.97,  0.08,  284.43,  14.24  
12:00 15 Apr 2015,  72293,  11.02,  7.72,  7.56,  53.01,  -14.90,  29.80,  0.00,  0.00,  0.00,  281.00,  11.49  
12:00 16 Apr 2015,  72293,  14.22,  13.55,  13.49,  88.00,  -11.10,  21.40,  0.00,  0.00,  0.00,  265.53,  7.73  
12:00 17 Apr 2015,  72293,  11.45,  14.08,  14.00,  45.01,  -3.10,  27.60,  0.00,  0.00,  0.00,  261.68,  6.97  
12:00 18 Apr 2015,  72293,  9.36,  11.10,  11.02,  46.00,  -13.30,  31.40,  0.00,  0.00,  0.00,  267.98,  6.63  
12:00 19 Apr 2015,  72293,  7.93,  5.19,  5.01,  20.01,  2.50,  35.60,  0.00,  0.00,  0.00,  280.73,  11.83  
12:00 20 Apr 2015,  72293,  0.00  
12:00 21 Apr 2015,  72293,  4.33,  1.89,  1.76,  18.98,  18.10,  46.80,  10.11,  0.00,  853.54,  916.00,  1.17,  281.27,  16.94  
12:00 22 Apr 2015,  72293,  6.91,  4.62,  4.47,  63.61,  2.40,  42.50,  33.57,  -9.17,  796.25,  881.69,  2.60,  281.29,  14.77  
12:00 23 Apr 2015,  72293,  2.69,  1.96,  1.86,  71.38,  23.40,  49.70,  0.28,  -22.23,  797.39,  814.80,  0.17,  281.31,  20.70  
12:00 24 Apr 2015,  72293,  3.88,  3.11,  3.03,  96.18,  21.70,  46.20,  30.37,  0.00,  799.98,  942.73,  3.11,  284.50,  23.89  
12:00 25 Apr 2015,  72293,  7.59,  6.63,  6.43,  103.98,  13.70,  39.40,  21.28,  -0.47,  823.46,  927.65,  0.38,  282.89,  19.86  
12:00 26 Apr 2015,  72293,  11.14,  10.72,  10.69,  148.82,  -5.90,  32.60,  8.77,  -0.75,  857.33,  926.20,  0.05,  282.48,  18.39  
12:00 27 Apr 2015,  72293,  12.29,  10.87,  10.81,  66.01,  -3.70,  28.80,  0.00,  0.00,  0.00,  278.59,  15.08  
12:00 28 Apr 2015,  72293,  12.91,  14.33,  14.28,  28.01,  -19.50,  25.60,  0.00,  0.00,  0.00,  268.57,  9.29  
12:00 29 Apr 2015,  72293,  9.02,  12.01,  11.82,  8.97,  12.90,  33.40,  0.00,  0.00,  0.00,  270.17,  11.76  
12:00 30 Apr 2015,  72293,  7.00,  10.46,  10.27,  29.99,  15.30,  37.40,  0.00,  0.00,  0.00,  268.65,  13.63
12:00 01 May 2015,  72293,  6.35,  7.91,  7.73,  43.01,  15.30,  39.40,  0.00,  0.00,  0.00,  273.86,  14.39  
12:00 02 May 2015,  72293,  6.24,  6.27,  6.06,  35.00,  19.70,  39.40,  0.00,  0.00,  0.00,  280.59,  19.18  
12:00 03 May 2015,  72293,  6.60,  3.94,  3.73,  44.99,  17.30,  39.60,  1.52,  -0.13,  914.50,  933.37,  0.81,  285.05,  19.10  
12:00 04 May 2015,  72293,  5.43,  2.28,  2.06,  41.01,  21.50,  43.60,  4.89,  -0.34,  865.08,  922.83,  59.61,  284.71,  23.21  
12:00 05 May 2015,  72293,  8.88,  7.50,  7.33,  32.98,  -10.70,  37.00,  5.44,  -0.76,  866.57,  922.99,  0.91,  282.03,  14.99  
12:00 06 May 2015,  72293,  6.68,  5.31,  5.15,  86.52,  -8.90,  42.20,  18.98,  -0.48,  829.15,  915.80,  2.22,  281.55,  13.94  
12:00 07 May 2015,  72293,  6.68,  4.89,  4.74,  85.00,  -23.90,  42.20,  54.96,  0.00,  784.27,  942.34,  2.38,  283.03,  15.30  
12:00 08 May 2015,  72293,  5.62,  2.64,  2.55,  88.99,  23.60,  47.00,  74.07,  -4.56,  566.32,  872.09,  1.79,  278.84,  16.79  
12:00 09 May 2015,  72293,  5.99,  4.84,  4.66,  100.61,  10.90,  43.40,  8.95,  -0.05,  832.17,  937.09,  0.19,  283.41,  19.23  
12:00 11 May 2015,  72293,  8.19,  5.20,  4.93,  28.98,  10.30,  36.00,  0.00,  0.00,  0.00,  285.36,  16.79  
12:00 12 May 2015,  72293,  8.36,  5.90,  5.69,  46.99,  -22.70,  36.40,  0.02,  0.00,  928.94,  946.70,  0.00,  284.38,  13.30  
12:00 13 May 2015,  72293,  16.25,  9.95,  9.85,  56.00,  -24.50,  11.80,  4.95,  -0.02,  886.40,  932.10,  0.13,  281.67,  11.72  
12:00 14 May 2015,  72293,  13.72,  5.36,  5.31,  64.01,  -9.90,  25.40,  16.75,  -0.91,  855.04,  922.49,  0.40,  281.90,  17.62  
12:00 15 May 2015,  72293,  2.29,  0.94,  0.92,  158.58,  28.90,  50.20,  158.44,  -0.06,  655.43,  933.32,  3.71,  283.62,  23.51  
12:00 16 May 2015,  72293,  4.83,  3.31,  3.11,  95.21,  4.30,  45.40,  10.20,  0.00,  787.33,  941.32,  0.18,  283.55,  16.66  
12:00 17 May 2015,  72293,  10.09,  7.16,  7.04,  26.98,  -13.90,  35.00,  0.00,  0.00,  0.00,  283.88,  17.43  
12:00 18 May 2015,  72293,  8.70,  4.84,  4.72,  26.98,  13.50,  37.00,  0.92,  -6.34,  864.34,  880.88,  0.14,  279.39,  14.83  
12:00 19 May 2015,  72293,  10.22,  5.66,  5.46,  60.00,  -2.70,  34.60,  13.73,  -0.11,  867.19,  937.75,  0.51,  284.01,  17.90  
12:00 20 May 2015,  72293,  10.28,  6.16,  6.11,  45.01,  -17.10,  33.60,  0.40,  -0.60,  915.78,  926.66,  0.01,  283.89,  16.91  
12:00 21 May 2015,  72293,  8.26,  5.26,  5.25,  83.39,  11.10,  39.80,  24.74,  0.00,  843.09,  935.76,  1.33,  282.60,  18.78  
12:00 22 May 2015,  72293,  3.95,  0.72,  0.58,  73.60,  16.20,  48.50,  102.30,  -0.29,  686.24,  927.29,  20.09,  282.28,  17.94  
12:00 23 May 2015,  72293,  4.28,  3.99,  3.87,  118.00,  17.50,  45.00,  11.76,  -0.02,  791.66,  942.14,  0.39,  284.52,  24.21  
12:00 24 May 2015,  72293,  8.58,  7.50,  7.30,  129.80,  -1.10,  37.00,  26.57,  0.00,  838.55,  952.77,  0.55,  284.20,  16.17  
12:00 25 May 2015,  72293,  8.07,  8.94,  8.74,  48.21,  7.90,  36.60,  1.17,  0.00,  918.11,  946.35,  0.24,  284.70,  21.29  
12:00 26 May 2015,  72293,  6.88,  8.19,  8.07,  70.79,  2.70,  38.60,  0.00,  0.00,  0.00,  285.58,  20.37  
12:00 27 May 2015,  72293,  8.85,  6.94,  6.95,  21.99,  -4.90,  34.80,  0.00,  0.00,  950.17,  965.13,  0.00,  285.31,  18.94  
12:00 28 May 2015,  72293,  7.48,  9.18,  8.94,  22.01,  -11.10,  36.80,  0.00,  0.00,  941.74,  961.92,  0.00,  285.51,  16.93  
12:00 29 May 2015,  72293,  9.75,  9.20,  9.07,  24.01,  -14.10,  31.00,  0.00,  0.00,  941.63,  953.78,  0.00,  286.04,  17.62  
12:00 30 May 2015,  72293,  6.17,  9.14,  9.10,  27.61,  9.10,  38.60,  0.00,  0.00,  0.00,  285.98,  20.60  
12:00 31 May 2015,  72293,  4.42,  10.04,  9.82,  83.40,  2.90,  41.40,  0.00,  0.00,  937.89,  967.22,  0.01,  286.65,  21.61
12:00 01 Jun 2015,  72293,  9.30,  9.71,  9.63,  40.02,  -21.30,  33.40,  1.34,  0.00,  924.53,  959.17,  0.07,  285.79,  15.29  
12:00 02 Jun 2015,  72293,  16.51,  12.95,  12.74,  50.99,  -36.10,  18.40,  0.00,  0.00,  0.00,  284.51,  12.97  
12:00 03 Jun 2015,  72293,  14.86,  11.35,  11.17,  65.00,  -34.90,  22.40,  0.73,  0.00,  918.39,  949.59,  0.01,  284.63,  12.42  
12:00 04 Jun 2015,  72293,  14.12,  10.66,  10.44,  69.00,  -24.10,  24.80,  5.24,  0.00,  870.80,  940.76,  0.09,  284.90,  15.21  
12:00 05 Jun 2015,  72293,  12.72,  8.65,  8.50,  47.01,  -4.70,  26.00,  1.05,  -0.66,  892.95,  915.33,  0.04,  281.73,  13.13  
12:00 06 Jun 2015,  72293,  11.10,  8.24,  8.10,  35.99,  6.50,  31.80,  3.65,  -0.18,  894.51,  926.99,  0.61,  283.17,  19.04  
12:00 07 Jun 2015,  72293,  6.62,  8.80,  8.55,  58.82,  15.50,  38.20,  0.00,  0.00,  945.73,  955.09,  0.00,  286.16,  20.87  
12:00 08 Jun 2015,  72293,  5.64,  8.24,  7.91,  68.58,  11.50,  39.40,  0.00,  0.00,  0.00,  283.83,  19.53  
12:00 09 Jun 2015,  72293,  0.60,  2.35,  2.46,  166.19,  36.80,  46.40,  0.00,  0.00,  0.00,  285.35,  44.59  
12:00 10 Jun 2015,  72293,  3.83,  9.26,  8.90,  209.61,  27.90,  39.20,  0.00,  0.00,  938.64,  964.82,  0.00,  288.32,  33.93  
12:00 11 Jun 2015,  72293,  3.95,  8.01,  7.84,  206.81,  -4.90,  39.40,  0.18,  0.00,  918.30,  966.71,  0.00,  288.54,  25.70  
12:00 12 Jun 2015,  72293,  5.11,  9.14,  8.93,  141.79,  3.50,  39.20,  0.52,  0.00,  925.43,  963.84,  0.14,  288.11,  28.18  
12:00 13 Jun 2015,  72293,  -2.62,  7.61,  7.46,  242.82,  35.70,  51.60,  0.00,  0.00,  0.00,  287.17,  37.03  
12:00 14 Jun 2015,  72293,  4.68,  8.94,  8.58,  78.80,  25.90,  41.00,  0.20,  0.00,  925.03,  956.81,  0.10,  287.70,  31.31  
12:00 15 Jun 2015,  72293,  8.56,  9.76,  9.40,  29.99,  8.30,  33.60,  0.00,  0.00,  941.33,  960.48,  0.00,  288.44,  22.65  
12:00 16 Jun 2015,  72293,  12.29,  7.67,  7.28,  27.00,  -20.10,  20.60,  0.00,  0.00,  0.00,  287.43,  11.80  
12:00 17 Jun 2015,  72293,  10.04,  11.67,  11.33,  33.99,  10.10,  30.00,  0.00,  0.00,  0.00,  285.93,  18.59  
12:00 18 Jun 2015,  72293,  11.41,  9.92,  9.62,  35.99,  5.50,  27.40,  0.00,  0.00,  0.00,  286.58,  17.01  
12:00 19 Jun 2015,  72293,  16.12,  14.79,  14.52,  44.99,  -42.10,  9.60,  0.00,  0.00,  0.00,  276.14,  8.40  
12:00 20 Jun 2015,  72293,  11.23,  12.39,  12.07,  38.01,  -12.50,  25.80,  0.00,  0.00,  0.00,  283.36,  10.97  
12:00 21 Jun 2015,  72293,  8.81,  12.63,  12.33,  44.99,  -19.50,  33.00,  0.00,  0.00,  0.00,  284.56,  13.00  
12:00 22 Jun 2015,  72293,  8.79,  9.01,  8.67,  48.99,  12.30,  32.80,  0.00,  0.00,  0.00,  284.42,  15.80  
12:00 23 Jun 2015,  72293,  9.13,  8.19,  8.33,  37.00,  -1.90,  30.80,  0.00,  0.00,  0.00,  282.54,  17.50  
12:00 24 Jun 2015,  72293,  11.56,  5.93,  5.69,  33.00,  -17.30,  16.00,  0.00,  0.00,  0.00,  284.25,  17.12  
12:00 25 Jun 2015,  72293,  7.57,  3.15,  3.09,  53.01,  5.90,  33.20,  0.00,  0.00,  0.00,  287.71,  20.73  
12:00 26 Jun 2015,  72293,  7.56,  6.51,  6.36,  47.98,  14.90,  34.20,  0.00,  0.00,  0.00,  286.83,  27.28  
12:00 27 Jun 2015,  72293,  6.61,  5.96,  5.90,  44.02,  15.30,  37.00,  0.00,  0.00,  0.00,  286.16,  28.63  
12:00 28 Jun 2015,  72293,  3.73,  6.85,  7.06,  72.01,  29.90,  42.80,  0.00,  0.00,  0.00,  281.98,  37.72  
12:00 29 Jun 2015,  72293,  3.06,  5.56,  5.60,  112.19,  29.90,  42.60,  0.00,  0.00,  0.00,  287.59,  41.80  
12:00 30 Jun 2015,  72293,  -0.96,  5.42,  5.30,  167.00,  29.70,  49.40,  0.00,  0.00,  0.00,  285.86,  37.80
12:00 01 Jul 2015,  72293,  0.56,  1.10,  1.06,  161.80,  37.10,  46.60,  0.00,  0.00,  0.00,  289.31,  47.09  
12:00 02 Jul 2015,  72293,  1.07,  1.17,  0.86,  162.01,  34.70,  45.20,  0.00,  0.00,  0.00,  290.07,  43.35  
12:00 03 Jul 2015,  72293,  0.77,  4.80,  4.59,  173.81,  15.50,  46.20,  0.00,  0.00,  0.00,  288.53,  24.26  
12:00 04 Jul 2015,  72293,  8.63,  5.24,  4.97,  26.98,  16.30,  31.80,  0.02,  0.00,  933.39,  955.16,  0.01,  289.17,  32.71  
12:00 05 Jul 2015,  72293,  7.18,  6.68,  6.42,  15.00,  18.90,  36.00,  0.00,  0.00,  938.73,  963.21,  0.00,  288.12,  32.92  
12:00 06 Jul 2015,  72293,  8.96,  7.45,  7.12,  15.99,  20.90,  32.80,  0.00,  0.00,  0.00,  288.34,  32.82  
12:00 07 Jul 2015,  72293,  10.69,  7.03,  6.72,  24.01,  -8.70,  28.60,  0.23,  0.00,  922.70,  962.95,  0.03,  288.38,  21.02  
12:00 08 Jul 2015,  72293,  4.86,  8.59,  8.28,  166.21,  9.50,  38.80,  2.44,  0.00,  906.87,  943.48,  0.13,  287.23,  21.94  
12:00 09 Jul 2015,  72293,  7.83,  6.63,  6.33,  117.58,  -8.30,  35.80,  13.86,  -1.34,  863.86,  921.02,  0.33,  287.45,  21.87  
12:00 10 Jul 2015,  72293,  7.99,  7.14,  6.86,  154.38,  5.30,  34.20,  10.57,  0.00,  837.22,  940.98,  0.87,  287.27,  25.09  
12:00 11 Jul 2015,  72293,  10.23,  7.38,  7.16,  39.21,  -0.90,  32.00,  0.00,  0.00,  0.00,  287.53,  22.57  
12:00 12 Jul 2015,  72293,  12.22,  6.77,  6.74,  54.99,  -12.50,  26.60,  0.00,  0.00,  0.00,  288.47,  20.67  
12:00 13 Jul 2015,  72293,  11.54,  6.12,  5.97,  28.98,  -17.70,  26.40,  0.00,  0.00,  0.00,  286.38,  16.97  
12:00 14 Jul 2015,  72293,  8.92,  5.43,  5.25,  37.00,  -6.30,  33.40,  0.00,  0.00,  0.00,  288.51,  18.73  
12:00 15 Jul 2015,  72293,  14.67,  8.67,  8.35,  23.99,  -13.10,  17.20,  0.59,  0.00,  925.82,  954.48,  0.05,  287.65,  16.29  
12:00 16 Jul 2015,  72293,  11.55,  7.99,  7.68,  25.99,  -18.70,  27.40,  0.00,  0.00,  937.71,  943.29,  0.00,  287.47,  16.20  
12:00 17 Jul 2015,  72293,  8.14,  6.98,  6.56,  46.02,  19.90,  34.60,  0.00,  0.00,  954.49,  957.17,  0.00,  289.13,  26.83  
12:00 18 Jul 2015,  72293,  -2.62,  6.49,  6.76,  237.81,  39.00,  50.80,  0.00,  0.00,  0.00,  281.45,  43.40  
12:00 19 Jul 2015,  72293,  -3.22,  -2.75,  -3.29,  259.20,  37.50,  51.80,  271.87,  -219.17,  304.79,  689.05,  25.44,  288.99,  41.29  
12:00 20 Jul 2015,  72293,  -0.20,  0.01,  -0.62,  235.81,  13.70,  44.00,  96.14,  0.00,  385.63,  960.69,  5.84,  293.23,  44.58  
12:00 21 Jul 2015,  72293,  0.11,  0.37,  -0.05,  191.99,  4.70,  44.80,  13.14,  -523.27,  467.75,  501.00,  0.82,  292.09,  34.73  
12:00 22 Jul 2015,  72293,  8.51,  4.96,  4.45,  114.98,  -0.50,  33.00,  3.97,  -1.50,  885.02,  921.57,  0.18,  290.46,  25.11  
12:00 23 Jul 2015,  72293,  8.44,  4.94,  4.37,  112.39,  -6.30,  33.00,  3.28,  -0.22,  888.45,  933.29,  0.11,  291.04,  25.40  
12:00 24 Jul 2015,  72293,  13.23,  4.67,  4.15,  29.00,  -5.50,  25.00,  0.00,  0.00,  954.69,  969.41,  0.00,  291.11,  19.53  
12:00 25 Jul 2015,  72293,  11.30,  4.47,  3.95,  27.99,  11.10,  29.00,  0.00,  0.00,  0.00,  288.30,  20.22  
12:00 26 Jul 2015,  72293,  8.90,  7.30,  7.10,  88.00,  8.70,  33.40,  0.00,  0.00,  0.00,  284.95,  23.71  
12:00 27 Jul 2015,  72293,  13.36,  10.16,  9.81,  37.00,  -17.50,  24.80,  0.42,  0.00,  920.13,  946.88,  0.06,  287.63,  15.86  
12:00 28 Jul 2015,  72293,  13.52,  7.90,  7.51,  28.01,  -15.10,  21.40,  0.00,  0.00,  0.00,  288.24,  17.56  
12:00 29 Jul 2015,  72293,  0.74,  7.21,  6.78,  172.18,  37.80,  45.60,  0.00,  0.00,  0.00,  289.75,  41.22  
12:00 30 Jul 2015,  72293,  -4.51,  2.38,  2.45,  298.60,  41.30,  52.80,  0.00,  0.00,  0.00,  290.68,  52.19  
12:00 31 Jul 2015,  72293,  0.99,  2.78,  2.32,  162.60,  31.70,  44.80,  0.00,  0.00,  0.00,  291.41,  37.73
12:00 01 Aug 2015,  72293,  6.97,  5.33,  4.95,  52.39,  19.10,  36.80,  0.00,  0.00,  951.94,  964.18,  0.00,  290.39,  25.80  
12:00 02 Aug 2015,  72293,  10.62,  4.83,  4.46,  31.99,  8.90,  26.20,  0.00,  0.00,  0.00,  289.82,  26.15  
12:00 03 Aug 2015,  72293,  12.87,  4.83,  4.35,  29.00,  -8.70,  18.40,  0.00,  0.00,  944.08,  962.56,  0.00,  290.39,  19.07  
12:00 04 Aug 2015,  72293,  12.25,  4.45,  4.18,  46.99,  -13.90,  23.20,  0.00,  0.00,  0.00,  290.45,  22.99  
12:00 05 Aug 2015,  72293,  5.70,  4.73,  4.30,  72.41,  2.70,  39.00,  0.00,  0.00,  0.00,  287.08,  22.00  
12:00 06 Aug 2015,  72293,  4.02,  4.00,  3.83,  54.58,  27.50,  42.40,  0.00,  0.00,  0.00,  286.47,  36.17  
12:00 07 Aug 2015,  72293,  11.82,  2.68,  2.71,  39.01,  1.30,  20.20,  1.05,  0.00,  919.58,  956.54,  0.03,  289.76,  29.14  
12:00 08 Aug 2015,  72293,  15.32,  8.98,  8.64,  32.98,  -27.70,  18.20,  2.07,  -0.09,  905.99,  929.21,  0.18,  286.65,  14.34  
12:00 09 Aug 2015,  72293,  15.34,  7.09,  6.70,  34.98,  -33.50,  15.00,  1.03,  0.00,  914.01,  954.95,  0.15,  288.57,  15.98  
12:00 10 Aug 2015,  72293,  14.84,  7.64,  7.40,  44.99,  -38.50,  11.60,  1.93,  0.00,  911.79,  943.69,  0.06,  287.33,  17.05  
12:00 11 Aug 2015,  72293,  14.14,  8.38,  8.06,  40.00,  -9.90,  19.60,  0.36,  0.00,  923.17,  947.98,  0.01,  288.03,  17.98  
12:00 12 Aug 2015,  72293,  12.01,  7.35,  7.01,  38.99,  -12.10,  23.00,  0.00,  0.00,  0.00,  287.94,  20.23  
12:00 13 Aug 2015,  72293,  0.88,  4.81,  4.63,  151.81,  28.70,  46.60,  0.00,  0.00,  0.00,  286.91,  34.46  
12:00 14 Aug 2015,  72293,  3.39,  8.31,  8.24,  110.98,  25.30,  42.60,  0.00,  0.00,  0.00,  280.51,  28.76  
12:00 15 Aug 2015,  72293,  4.53,  6.17,  6.15,  66.20,  24.70,  41.20,  0.00,  0.00,  0.00,  282.31,  33.50  
12:00 16 Aug 2015,  72293,  4.65,  10.52,  10.34,  75.78,  27.30,  40.80,  0.00,  0.00,  0.00,  275.75,  28.52  
12:00 17 Aug 2015,  72293,  3.62,  4.64,  4.81,  96.20,  26.90,  42.60,  0.00,  0.00,  0.00,  286.70,  35.12  
12:00 18 Aug 2015,  72293,  10.45,  5.15,  4.88,  36.81,  15.90,  30.00,  0.06,  0.00,  936.06,  964.09,  0.00,  292.05,  33.88  
12:00 19 Aug 2015,  72293,  16.10,  6.96,  6.70,  50.02,  -21.70,  8.20,  0.00,  0.00,  943.83,  960.20,  0.00,  290.42,  22.26  
12:00 20 Aug 2015,  72293,  6.75,  9.09,  8.89,  74.59,  14.30,  37.00,  0.46,  -0.03,  918.91,  935.03,  0.03,  287.63,  27.63  
12:00 21 Aug 2015,  72293,  11.52,  5.18,  5.12,  50.00,  -0.10,  22.20,  1.09,  0.00,  908.11,  939.51,  0.09,  289.19,  29.84  
12:00 22 Aug 2015,  72293,  9.78,  6.59,  6.19,  -1.10,  30.80,  0.11,  0.00,  928.90,  943.72,  288.88,  19.82  
12:00 23 Aug 2015,  72293,  7.56,  4.48,  4.07,  13.00,  6.90,  35.40,  0.00,  0.00,  946.60,  960.70,  0.00,  290.28,  21.38  
12:00 24 Aug 2015,  72293,  7.81,  3.76,  3.30,  12.98,  12.10,  34.60,  0.00,  0.00,  0.00,  290.20,  29.29  
12:00 25 Aug 2015,  72293,  1.97,  2.11,  2.09,  84.41,  30.70,  46.00,  0.00,  0.00,  0.00,  288.89,  38.00  
12:00 26 Aug 2015,  72293,  0.44,  0.88,  0.87,  125.60,  36.70,  47.20,  0.01,  -795.85,  398.38,  403.61,  0.00,  290.09,  45.27  
12:00 27 Aug 2015,  72293,  2.10,  5.05,  4.53,  134.98,  32.90,  43.80,  0.00,  0.00,  0.00,  285.47,  37.64  
12:00 28 Aug 2015,  72293,  1.46,  6.42,  6.05,  138.60,  31.90,  45.20,  0.00,  0.00,  0.00,  280.30,  33.68  
12:00 29 Aug 2015,  72293,  5.35,  4.91,  4.77,  66.60,  26.70,  39.80,  0.00,  0.00,  0.00,  284.22,  31.94  
12:00 30 Aug 2015,  72293,  4.41,  4.37,  3.75,  146.39,  13.50,  39.60,  0.00,  0.00,  0.00,  288.42,  26.37  
12:00 31 Aug 2015,  72293,  11.34,  4.87,  4.56,  34.98,  -9.50,  27.60,  0.00,  0.00,  0.00,  289.84,  20.93
12:00 01 Sep 2015,  72293,  14.13,  6.39,  5.97,  31.00,  -21.90,  17.80,  2.56,  0.00,  911.34,  940.31,  0.26,  288.18,  18.40  
12:00 02 Sep 2015,  72293,  13.89,  6.37,  6.14,  33.99,  -2.90,  21.60,  1.51,  -0.19,  910.37,  935.68,  0.13,  288.42,  20.49  
12:00 03 Sep 2015,  72293,  12.07,  6.11,  5.84,  40.99,  7.70,  25.20,  0.00,  0.00,  0.00,  287.40,  23.73  
12:00 04 Sep 2015,  72293,  6.79,  4.89,  4.56,  77.80,  11.90,  38.00,  11.37,  0.00,  865.55,  928.76,  0.40,  287.15,  25.88  
12:00 05 Sep 2015,  72293,  15.53,  7.66,  7.33,  48.99,  -22.30,  14.20,  0.33,  -0.01,  906.46,  919.75,  0.01,  286.09,  15.35  
12:00 06 Sep 2015,  72293,  6.68,  7.89,  7.48,  98.58,  29.80,  36.40,  0.00,  0.00,  0.00,  285.51,  27.70  
12:00 07 Sep 2015,  72293,  -2.09,  4.34,  3.88,  220.60,  21.80,  48.10,  0.00,  0.00,  0.00,  285.26,  41.24  
12:00 08 Sep 2015,  72293,  -3.96,  0.29,  -0.14,  281.00,  40.10,  53.20,  1.55,  -779.99,  475.05,  507.52,  0.16,  286.40,  45.05  
12:00 09 Sep 2015,  72293,  -2.22,  -0.47,  -0.90,  204.81,  34.90,  51.00,  79.15,  -533.19,  442.49,  579.35,  178.17,  285.69,  42.23  
12:00 10 Sep 2015,  72293,  0.51,  0.11,  -0.31,  177.78,  34.10,  45.40,  69.61,  -342.44,  470.33,  661.92,  5.34,  289.66,  46.75  
12:00 11 Sep 2015,  72293,  2.17,  1.37,  1.18,  162.20,  33.40,  42.60,  2.19,  -384.92,  444.72,  589.60,  0.19,  289.48,  48.06  
12:00 12 Sep 2015,  72293,  3.57,  2.06,  2.00,  153.80,  22.70,  40.60,  0.00,  0.00,  0.00,  289.01,  44.35  
12:00 13 Sep 2015,  72293,  0.31,  4.44,  4.04,  176.81,  26.90,  45.00,  0.00,  0.00,  0.00,  287.44,  35.37  
12:00 14 Sep 2015,  72293,  4.07,  2.82,  2.18,  166.79,  8.90,  39.00,  0.00,  0.00,  0.00,  291.64,  27.62  
12:00 15 Sep 2015,  72293,  4.01,  2.96,  2.25,  359.78,  28.90,  36.80,  115.56,  -1.58,  360.12,  901.98,  1.83,  292.36,  41.32  
12:00 16 Sep 2015,  72293,  5.35,  6.63,  6.29,  371.48,  -1.40,  35.90,  0.21,  -3.47,  804.68,  910.32,  0.01,  288.80,  26.11  
12:00 17 Sep 2015,  72293,  18.73,  8.08,  7.76,  36.01,  -32.70,  13.20,  0.31,  -0.29,  919.30,  933.90,  0.02,  288.51,  21.38  
12:00 18 Sep 2015,  72293,  15.04,  6.25,  5.89,  38.00,  -11.70,  16.40,  0.00,  0.00,  0.00,  287.66,  20.46  
12:00 19 Sep 2015,  72293,  9.37,  2.64,  2.24,  27.00,  -5.10,  31.80,  0.04,  -1087.62,  356.21,  360.87,  0.00,  288.47,  26.42  
12:00 20 Sep 2015,  72293,  0.70,  -0.39,  -0.72,  106.98,  33.30,  47.60,  233.49,  -642.92,  306.07,  525.56,  32.76,  286.38,  38.06  
12:00 21 Sep 2015,  72293,  0.21,  1.11,  0.72,  127.61,  29.90,  48.20,  7.02,  -765.84,  324.62,  568.32,  1.54,  286.46,  35.25  
12:00 22 Sep 2015,  72293,  1.79,  1.65,  1.70,  122.80,  28.10,  46.40,  0.00,  0.00,  0.00,  286.24,  36.99  
12:00 23 Sep 2015,  72293,  3.89,  2.87,  2.39,  106.79,  25.90,  42.00,  0.00,  0.00,  0.00,  290.19,  31.71  
12:00 24 Sep 2015,  72293,  5.75,  5.26,  4.67,  115.19,  24.70,  37.20,  0.00,  0.00,  0.00,  290.30,  31.12  
12:00 25 Sep 2015,  72293,  6.53,  6.23,  5.58,  142.39,  18.10,  34.80,  0.00,  0.00,  0.00,  290.94,  29.55  
12:00 26 Sep 2015,  72293,  4.19,  9.41,  9.11,  149.78,  11.10,  39.40,  0.00,  0.00,  0.00,  282.31,  25.58  
12:00 27 Sep 2015,  72293,  6.94,  3.27,  2.87,  85.78,  21.10,  36.40,  0.00,  0.00,  0.00,  289.50,  28.27  
12:00 28 Sep 2015,  72293,  15.89,  7.77,  7.40,  29.00,  -10.10,  12.60,  0.00,  0.00,  0.00,  286.51,  24.28  
12:00 29 Sep 2015,  72293,  9.19,  6.19,  5.97,  30.01,  -8.30,  32.80,  0.00,  0.00,  0.00,  286.43,  18.51  
12:00 30 Sep 2015,  72293,  13.71,  8.72,  8.30,  33.00,  -12.30,  20.60,  0.00,  0.00,  0.00,  285.23,  15.02
12:00 01 Oct 2015,  72293,  7.43,  6.15,  5.65,  118.61,  0.90,  35.20,  0.00,  0.00,  0.00,  288.35,  21.94  
12:00 02 Oct 2015,  72293,  11.56,  4.87,  4.44,  129.82,  -6.30,  28.60,  13.70,  0.00,  869.82,  941.16,  0.19,  290.84,  23.26  
12:00 03 Oct 2015,  72293,  9.45,  6.43,  5.97,  82.98,  10.10,  32.20,  0.00,  0.00,  0.00,  287.90,  23.41  
12:00 04 Oct 2015,  72293,  6.77,  3.73,  3.26,  347.08,  6.20,  35.70,  99.33,  0.00,  753.32,  931.93,  1.64,  288.96,  25.83  
12:00 05 Oct 2015,  72293,  4.91,  2.43,  2.28,  142.01,  24.50,  42.50,  94.59,  -6.01,  665.64,  898.59,  2.35,  285.62,  25.74  
12:00 06 Oct 2015,  72293,  5.07,  3.19,  3.02,  111.58,  26.40,  42.20,  0.25,  -42.42,  698.49,  751.25,  0.01,  284.93,  25.90  
12:00 07 Oct 2015,  72293,  5.76,  2.97,  2.58,  144.61,  17.90,  39.20,  10.60,  -105.29,  713.51,  768.59,  0.47,  288.98,  27.31  
12:00 08 Oct 2015,  72293,  7.87,  3.48,  3.16,  83.39,  5.50,  35.60,  0.00,  0.00,  0.00,  287.30,  22.37  
12:00 09 Oct 2015,  72293,  8.75,  9.06,  8.90,  77.99,  15.70,  33.40,  0.00,  0.00,  0.00,  277.67,  23.32  
12:00 10 Oct 2015,  72293,  7.26,  7.13,  6.74,  117.01,  5.90,  35.80,  0.00,  0.00,  0.00,  277.51,  21.37  
12:00 11 Oct 2015,  72293,  5.42,  6.83,  6.55,  113.00,  20.90,  38.80,  0.00,  0.00,  0.00,  277.09,  28.65  
12:00 12 Oct 2015,  72293,  2.77,  5.70,  5.60,  150.21,  31.70,  43.20,  0.00,  0.00,  0.00,  280.92,  38.89  
12:00 13 Oct 2015,  72293,  -0.81,  -1.41,  -1.76,  183.60,  26.50,  48.40,  119.31,  -199.84,  332.27,  653.92,  6.87,  288.90,  41.39  
12:00 14 Oct 2015,  72293,  0.26,  -2.25,  -2.89,  176.61,  36.50,  47.00,  994.23,  -187.33,  221.78,  711.99,  24.36,  292.28,  38.85  
12:00 15 Oct 2015,  72293,  -1.90,  -3.19,  -3.58,  215.79,  17.50,  50.20,  900.13,  -0.53,  241.13,  927.73,  15.03,  292.15,  36.43  
12:00 16 Oct 2015,  72293,  0.06,  -0.18,  -0.71,  170.41,  35.50,  46.40,  484.61,  0.00,  250.70,  965.54,  19.15,  292.07,  35.98  
12:00 17 Oct 2015,  72293,  1.18,  1.04,  0.49,  195.59,  26.80,  43.30,  234.08,  -0.18,  241.88,  927.13,  41.72,  291.74,  37.77  
12:00 18 Oct 2015,  72293,  -0.37,  -0.89,  -1.47,  212.21,  20.70,  46.20,  935.45,  0.00,  209.24,  953.45,  55.14,  291.58,  33.95  
12:00 19 Oct 2015,  72293,  7.96,  3.32,  2.95,  86.81,  -23.20,  36.90,  25.88,  -0.84,  822.85,  925.98,  1.91,  287.10,  17.91  
12:00 20 Oct 2015,  72293,  0.58,  -1.33,  -1.48,  138.79,  33.30,  50.20,  277.85,  -5.18,  336.11,  900.39,  137.34,  286.70,  27.11  
12:00 21 Oct 2015,  72293,  4.56,  -0.42,  -0.75,  76.40,  22.90,  43.40,  299.99,  -99.74,  348.76,  778.62,  15.03,  287.78,  23.91  
12:00 22 Oct 2015,  72293,  7.19,  3.20,  2.80,  101.18,  19.90,  37.60,  35.58,  -128.91,  636.02,  772.90,  1.72,  287.86,  22.92  
12:00 23 Oct 2015,  72293,  8.67,  3.47,  3.08,  46.99,  5.90,  35.40,  2.59,  -334.45,  576.90,  606.24,  0.17,  287.63,  19.46  
12:00 24 Oct 2015,  72293,  9.21,  9.57,  9.32,  59.20,  -5.10,  33.60,  0.00,  0.00,  0.00,  276.54,  14.92  
12:00 25 Oct 2015,  72293,  9.06,  10.47,  10.52,  34.01,  5.90,  33.80,  0.00,  0.00,  0.00,  271.49,  17.43  
12:00 26 Oct 2015,  72293,  9.65,  8.91,  8.62,  30.98,  9.50,  32.80,  0.00,  0.00,  0.00,  277.52,  15.92  
12:00 27 Oct 2015,  72293,  9.32,  8.48,  8.18,  17.99,  -12.30,  33.20,  0.00,  0.00,  0.00,  279.38,  11.91  
12:00 28 Oct 2015,  72293,  10.21,  5.72,  5.71,  30.01,  -21.70,  25.60,  0.00,  0.00,  0.00,  277.60,  12.13  
12:00 29 Oct 2015,  72293,  2.02,  -2.65,  -3.16,  163.40,  9.10,  46.80,  653.30,  0.00,  362.44,  936.06,  8.28,  289.72,  24.66  
12:00 30 Oct 2015,  72293,  12.11,  10.58,  10.38,  92.99,  -10.70,  29.60,  0.00,  0.00,  0.00,  276.17,  11.32  
12:00 31 Oct 2015,  72293,  9.06,  12.05,  12.00,  60.00,  3.30,  33.20,  0.00,  0.00,  0.00,  266.11,  12.51
12:00 01 Nov 2015,  72293,  7.59,  12.06,  11.94,  35.00,  -2.30,  35.80,  0.00,  0.00,  0.00,  266.95,  10.13  
12:00 02 Nov 2015,  72293,  8.43,  10.59,  10.45,  56.02,  -3.10,  34.40,  0.00,  0.00,  0.00,  275.29,  12.44  
12:00 03 Nov 2015,  72293,  6.74,  4.56,  4.40,  132.18,  -6.60,  41.50,  50.91,  -2.83,  732.82,  893.01,  0.88,  281.76,  16.71  
12:00 04 Nov 2015,  72293,  4.31,  3.10,  2.94,  99.00,  14.90,  47.60,  34.43,  -64.78,  525.79,  801.72,  0.31,  279.98,  15.25  
12:00 05 Nov 2015,  72293,  18.25,  13.62,  13.54,  52.99,  -33.90,  19.00,  0.00,  0.00,  0.00,  276.63,  9.33  
12:00 06 Nov 2015,  72293,  14.52,  14.54,  14.55,  43.01,  -0.90,  24.60,  0.00,  0.00,  0.00,  268.83,  11.59  
12:00 07 Nov 2015,  72293,  15.68,  16.08,  15.98,  11.99,  -23.30,  18.60,  0.00,  0.00,  0.00,  266.45,  6.28  
12:00 08 Nov 2015,  72293,  11.41,  14.48,  14.41,  29.00,  -28.10,  29.80,  0.00,  0.00,  0.00,  262.38,  7.52  
12:00 09 Nov 2015,  72293,  13.77,  3.93,  3.72,  68.01,  -15.90,  21.00,  4.27,  -2.82,  877.00,  918.27,  0.07,  284.64,  16.55  
12:00 10 Nov 2015,  72293,  9.20,  6.18,  5.99,  135.80,  21.50,  37.70,  87.23,  -8.35,  689.19,  896.63,  0.68,  282.67,  18.19  
12:00 11 Nov 2015,  72293,  17.47,  14.39,  14.31,  57.98,  -33.90,  18.40,  0.00,  0.00,  0.00,  273.54,  6.30  
12:00 12 Nov 2015,  72293,  15.53,  19.02,  18.95,  44.02,  -49.90,  9.40,  0.00,  0.00,  0.00,  260.27,  2.99  
12:00 13 Nov 2015,  72293,  13.57,  16.00,  15.91,  26.01,  -48.90,  12.80,  0.00,  0.00,  0.00,  256.24,  2.58  
12:00 14 Nov 2015,  72293,  11.43,  14.07,  13.97,  21.99,  -27.90,  29.00,  0.00,  0.00,  0.00,  260.93,  4.35  
12:00 15 Nov 2015,  72293,  13.70,  4.39,  4.16,  175.36,  -7.10,  20.40,  0.00,  0.00,  0.00,  282.37,  15.11  
12:00 16 Nov 2015,  72293,  8.43,  5.33,  5.21,  157.98,  7.70,  41.80,  227.67,  -7.59,  535.77,  844.20,  3.64,  275.13,  10.14  
12:00 17 Nov 2015,  72293,  20.18,  21.35,  21.32,  61.99,  -25.90,  9.00,  0.00,  0.00,  0.00,  265.32,  6.18  
12:00 18 Nov 2015,  72293,  13.81,  18.69,  18.58,  57.98,  -6.50,  25.60,  0.00,  0.00,  0.00,  265.92,  9.60  
12:00 19 Nov 2015,  72293,  15.17,  16.41,  16.34,  10.98,  -9.50,  19.60,  0.00,  0.00,  0.00,  268.08,  9.95  
12:00 20 Nov 2015,  72293,  12.70,  15.16,  15.01,  23.00,  -30.70,  25.00,  0.00,  0.00,  0.00,  265.32,  6.87  
12:00 21 Nov 2015,  72293,  10.29,  11.37,  11.19,  23.99,  -19.70,  31.00,  0.00,  0.00,  0.00,  270.35,  10.34  
12:00 22 Nov 2015,  72293,  10.77,  13.67,  13.52,  28.01,  0.10,  30.40,  0.00,  0.00,  0.00,  263.20,  9.92  
12:00 23 Nov 2015,  72293,  8.81,  12.50,  12.44,  27.00,  -8.70,  34.40,  0.00,  0.00,  0.00,  262.76,  8.72  
12:00 24 Nov 2015,  72293,  12.84,  14.37,  14.25,  56.00,  -26.10,  28.00,  0.00,  0.00,  0.00,  273.26,  8.91  
12:00 25 Nov 2015,  72293,  9.88,  8.41,  8.43,  149.62,  -0.40,  34.70,  12.55,  -1.24,  774.19,  916.41,  0.10,  284.12,  20.69  
12:00 26 Nov 2015,  72293,  12.36,  11.71,  11.60,  94.42,  -19.30,  33.40,  3.70,  -15.73,  807.72,  841.14,  0.04,  276.33,  11.78  
12:00 27 Nov 2015,  72293,  6.63,  5.35,  5.22,  175.97,  8.50,  45.00,  25.05,  -10.76,  717.33,  884.72,  0.25,  279.76,  15.24  
12:00 28 Nov 2015,  72293,  12.00,  11.01,  10.92,  56.00,  -19.40,  34.30,  2.63,  -37.75,  763.80,  805.99,  0.03,  276.34,  11.95  
12:00 29 Nov 2015,  72293,  10.68,  6.77,  6.75,  55.01,  8.10,  36.00,  0.00,  0.00,  0.00,  277.09,  13.02  
12:00 30 Nov 2015,  72293,  16.13,  15.30,  15.24,  45.98,  -42.50,  17.00,  0.00,  0.00,  0.00,  269.23,  6.13
12:00 01 Dec 2015,  72293,  13.56,  14.13,  14.06,  80.01,  -11.30,  20.80,  0.00,  0.00,  0.00,  271.32,  8.32  
12:00 02 Dec 2015,  72293,  14.12,  18.46,  18.41,  18.98,  -23.30,  23.20,  0.00,  0.00,  0.00,  260.29,  6.17  
12:00 03 Dec 2015,  72293,  14.10,  17.39,  17.33,  28.98,  -14.70,  20.40,  0.00,  0.00,  0.00,  254.61,  8.38  
12:00 04 Dec 2015,  72293,  14.18,  10.78,  10.71,  71.02,  -26.70,  11.20,  0.00,  0.00,  0.00,  276.36,  10.02  
12:00 05 Dec 2015,  72293,  12.93,  7.97,  7.83,  54.00,  -44.30,  14.40,  0.00,  0.00,  0.00,  280.66,  7.74  
12:00 06 Dec 2015,  72293,  10.43,  15.85,  15.77,  23.00,  -11.70,  29.40,  0.00,  0.00,  0.00,  255.18,  5.64  
12:00 07 Dec 2015,  72293,  9.44,  15.12,  15.01,  17.99,  -6.90,  32.20,  0.00,  0.00,  0.00,  261.90,  7.75  
12:00 08 Dec 2015,  72293,  8.67,  13.60,  13.67,  23.99,  5.30,  34.00,  0.00,  0.00,  0.00,  265.27,  13.22  
12:00 09 Dec 2015,  72293,  11.03,  14.68,  14.57,  25.99,  0.10,  29.00,  0.00,  0.00,  0.00,  267.22,  12.13  
12:00 10 Dec 2015,  72293,  13.68,  11.71,  11.54,  56.99,  -17.90,  20.20,  0.00,  0.00,  0.00,  280.75,  10.88  
12:00 11 Dec 2015,  72293,  8.92,  6.25,  6.12,  191.40,  -1.20,  35.90,  86.87,  -0.88,  750.07,  923.82,  0.85,  284.94,  22.89  
12:00 12 Dec 2015,  72293,  3.10,  3.60,  3.55,  119.99,  5.50,  51.60,  0.00,  0.00,  0.00,  269.85,  8.95  
12:00 13 Dec 2015,  72293,  15.45,  12.38,  12.28,  55.98,  -12.50,  20.40,  0.00,  0.00,  0.00,  276.84,  12.52  
12:00 14 Dec 2015,  72293,  13.51,  11.88,  11.80,  140.99,  0.90,  31.80,  39.86,  -4.91,  672.67,  863.19,  0.39,  275.59,  10.66  
12:00 15 Dec 2015,  72293,  14.92,  13.60,  13.54,  73.99,  -17.90,  26.20,  0.00,  0.00,  0.00,  270.50,  6.19  
12:00 16 Dec 2015,  72293,  15.58,  17.62,  17.59,  74.01,  -18.50,  25.80,  0.00,  0.00,  0.00,  260.27,  4.82  
12:00 17 Dec 2015,  72293,  16.74,  18.74,  18.77,  50.99,  -37.30,  17.00,  0.00,  0.00,  0.00,  264.18,  6.88  
12:00 18 Dec 2015,  72293,  12.22,  18.76,  18.69,  36.99,  -13.30,  29.80,  0.00,  0.00,  0.00,  265.01,  8.45  
12:00 19 Dec 2015,  72293,  7.67,  9.03,  8.88,  66.01,  -13.90,  38.60,  0.00,  0.00,  0.00,  278.22,  10.53  
12:00 20 Dec 2015,  72293,  12.83,  11.79,  11.71,  93.19,  -31.60,  32.50,  39.40,  -4.35,  765.91,  883.71,  1.04,  277.40,  13.42  
12:00 21 Dec 2015,  72293,  11.95,  14.51,  14.42,  59.01,  -14.10,  32.20,  0.00,  0.00,  0.00,  276.28,  13.83  
12:00 22 Dec 2015,  72293,  13.52,  11.61,  11.59,  117.60,  17.20,  27.80,  0.01,  -3.91,  867.67,  879.22,  0.00,  284.76,  29.33  
12:00 23 Dec 2015,  72293,  9.88,  9.53,  9.53,  154.98,  6.90,  33.80,  8.71,  -0.09,  835.50,  931.02,  0.16,  283.90,  19.42  
12:00 24 Dec 2015,  72293,  12.80,  11.55,  11.42,  114.19,  4.40,  30.90,  0.32,  -17.83,  848.00,  859.01,  0.00,  280.18,  14.76  
12:00 25 Dec 2015,  72293,  12.36,  10.23,  10.13,  123.02,  -20.10,  33.80,  37.18,  -11.11,  736.47,  855.01,  0.36,  277.65,  11.99  
12:00 26 Dec 2015,  72293,  22.02,  22.95,  22.90,  159.01,  -21.10,  11.60,  0.00,  0.00,  0.00,  264.53,  4.63  
12:00 27 Dec 2015,  72293,  22.96,  25.44,  25.47,  80.01,  -59.10,  2.60,  0.00,  0.00,  0.00,  248.02,  2.42  
12:00 28 Dec 2015,  72293,  14.09,  16.07,  16.01,  69.00,  -13.90,  31.40,  0.00,  0.00,  0.00,  270.45,  9.28  
12:00 29 Dec 2015,  72293,  19.87,  19.60,  19.56,  117.00,  -7.50,  19.60,  0.00,  0.00,  0.00,  270.79,  8.35  
12:00 30 Dec 2015,  72293,  17.22,  15.75,  15.73,  50.00,  -33.70,  21.40,  0.00,  0.00,  0.00,  272.55,  8.25  
12:00 31 Dec 2015,  72293,  15.00,  15.09,  15.08,  40.99,  -31.70,  26.00,  0.00,  0.00,  0.00,  271.44,  7.79
